crop,avg_market_price,avg_demand,avg_supply,market_risk
Maize,1529.07,89.91,47.11,36.27
Sunflower,4254.09,49.8,55.32,20.01
Rice,1659.73,78.49,59.67,34.39
Soybean,4810.82,69.75,51.71,11.09
Potato,1638.5,98.1,85.87,16.78
Sugarcane,4336.18,70.14,27.04,37.89
Sugarcane,3408.18,45.3,64.2,13.49
Rice,3339.6,61.22,76.17,28.61
Maize,2283.31,84.53,57.09,18.54
Rice,3441.57,83.38,49.43,36.68
Potato,1952.96,43.62,67.42,18.13
Groundnut,6921.81,45.25,21.0,33.84
Sugarcane,3298.19,47.03,76.84,13.35
Rice,3324.16,47.02,75.76,31.92
Jowar,3352.82,69.31,97.26,21.98
Groundnut,3543.6,61.76,71.39,26.9
Soybean,5320.54,90.18,77.3,18.96
Potato,1620.69,86.22,52.93,25.52
Rice,2441.44,68.97,88.91,9.63
Rice,3353.56,51.85,100.0,33.24
Wheat,2524.72,23.12,73.09,13.92
Potato,1950.65,64.22,65.79,10.18
Sunflower,5105.28,59.48,64.14,4.56
Groundnut,6409.53,70.83,76.22,12.98
Tomato,1408.55,66.23,85.62,29.55
Turmeric,7226.6,86.55,79.31,24.68
Maize,2023.86,75.97,59.0,19.19
Mustard,7647.2,93.22,74.51,34.79
Bajra,3212.13,85.15,81.92,26.02
Sunflower,4448.31,48.91,59.64,18.84
Mustard,5890.92,88.76,32.18,20.58
Tomato,2053.16,59.29,76.99,13.77
Turmeric,9579.1,70.47,93.13,16.28
Cotton,6203.2,47.06,70.11,13.53
Soybean,4017.03,67.12,100.0,26.12
Rice,2136.18,56.39,82.27,24.49
Sunflower,5005.91,32.32,55.01,12.99
Groundnut,6185.51,38.07,60.76,14.73
Potato,1691.03,48.9,65.85,12.29
Groundnut,5699.55,79.55,80.64,2.46
Bajra,1861.86,93.82,59.33,36.72
Sugarcane,3989.43,34.39,36.67,23.85
Rice,2178.11,71.0,81.04,17.64
Jowar,2644.42,70.36,68.59,14.73
Tomato,2005.48,48.77,87.73,18.8
Sunflower,4921.17,75.33,82.01,8.23
Potato,2558.16,95.28,47.82,37.74
Sunflower,6493.96,63.2,56.55,27.83
Maize,2418.58,21.34,100.0,19.18
Rice,1605.59,90.15,91.39,24.01
Sugarcane,2964.02,89.23,39.59,22.33
Sugarcane,1525.57,76.24,100.0,32.04
Wheat,1721.38,80.92,72.61,28.17
Jowar,3238.16,85.64,75.9,15.31
Bajra,2554.44,45.15,42.08,5.23
Onion,2080.6,65.98,58.84,21.89
Jowar,3497.08,88.88,52.45,31.51
Sunflower,5303.27,54.73,73.8,10.47
Sugarcane,3395.01,89.17,43.0,20.96
Tomato,2589.34,69.2,74.77,20.16
Turmeric,7692.04,44.87,49.14,15.92
Soybean,4102.19,67.96,50.96,26.09
Mustard,6581.91,58.97,67.75,20.65
Onion,2061.71,48.23,48.51,18.78
Maize,2249.85,87.33,70.58,13.5
Bajra,2822.18,92.57,50.51,22.22
Jowar,3273.53,55.66,60.2,12.56
Bajra,2971.25,94.2,15.39,29.38
Cotton,5021.11,62.28,38.63,36.48
Wheat,2312.01,92.71,81.11,12.08
Jowar,3244.55,37.69,69.18,17.7
Onion,2466.35,64.49,66.79,2.52
Bajra,2594.43,59.39,74.06,5.7
Soybean,4796.48,70.62,48.24,13.76
Turmeric,10161.34,37.68,60.74,22.64
Cotton,4101.08,54.76,72.04,28.93
Rice,1816.28,100.0,60.09,36.96
Wheat,2903.17,87.06,46.13,36.11
Soybean,4541.06,34.34,64.5,16.0
Wheat,2215.81,81.44,77.03,10.49
Turmeric,8426.6,83.37,79.07,9.81
Turmeric,8866.93,71.28,70.88,1.95
Turmeric,9112.55,64.62,68.73,4.01
Rice,2206.78,62.32,81.65,20.18
Wheat,2390.12,59.51,85.97,9.55
Potato,2131.02,65.65,60.13,23.3
Wheat,2472.78,61.43,59.56,5.07
Sunflower,4805.96,91.01,99.69,10.57
Jowar,3171.38,74.17,94.14,13.81
Groundnut,7729.35,87.47,74.3,31.84
Bajra,2361.0,78.84,55.35,22.52
Soybean,3059.13,82.14,97.68,28.74
Potato,2517.1,51.53,62.75,26.68
Rice,2746.19,32.53,58.77,20.01
Wheat,2302.86,83.4,71.51,12.35
Turmeric,9541.28,73.39,67.19,11.01
Cotton,7023.45,73.57,61.94,16.12
Cotton,7323.02,48.1,87.57,21.61
Wheat,1938.71,97.88,86.53,26.73
Rice,1858.86,87.49,63.47,36.24
Groundnut,4765.3,69.48,73.77,20.3
Maize,2473.6,84.61,58.25,27.86
Tomato,1802.64,89.73,45.95,31.92
Jowar,2484.37,95.77,89.02,22.52
Sugarcane,3491.22,67.04,89.75,18.27
Onion,2609.31,30.81,56.1,14.86
Soybean,6161.56,69.31,88.87,29.39
Bajra,2421.58,93.35,79.18,15.64
Sugarcane,2850.16,62.8,26.94,25.83
Soybean,4566.49,59.58,90.64,14.94
Bajra,1624.53,66.42,62.19,25.06
Mustard,4562.64,56.13,98.79,28.83
Groundnut,6503.11,92.94,69.06,25.7
Bajra,1503.72,78.62,68.56,29.2
Rice,2352.55,54.5,91.05,16.27
Soybean,5354.6,71.63,63.14,16.94
Wheat,2896.21,45.17,52.77,24.38
Wheat,2272.35,42.94,93.92,14.67
Maize,1957.74,82.73,79.67,13.44
Maize,2646.56,44.81,64.64,28.29
Bajra,2902.68,100.0,93.53,16.28
Maize,2048.93,100.0,100.0,7.22
Sunflower,5075.22,47.08,75.83,12.93
Sunflower,5286.47,84.58,58.85,15.53
Sunflower,6085.97,79.79,87.09,19.61
Mustard,6067.42,73.67,55.45,20.68
Jowar,2976.86,82.66,87.37,3.82
Wheat,2543.42,65.89,71.55,8.37
Tomato,1677.61,49.54,78.52,33.11
Cotton,5254.86,93.81,100.0,21.78
Onion,2984.02,64.48,92.56,28.48
Tomato,2354.38,70.61,64.09,11.14
Bajra,2539.49,33.52,47.48,8.5
Turmeric,8430.29,81.97,82.57,7.32
Cotton,7782.96,60.3,67.39,23.79
Bajra,3166.36,61.78,80.96,29.45
Jowar,3077.27,80.27,91.89,8.54
Wheat,1593.66,79.02,78.96,23.73
Rice,3333.53,33.29,53.46,30.65
Cotton,7433.65,77.49,87.14,17.68
Groundnut,6464.93,69.07,74.91,14.01
Wheat,2348.0,67.07,79.85,7.59
Bajra,2716.21,39.74,58.03,12.07
Potato,1848.26,78.62,54.36,18.13
Maize,1995.33,55.46,70.42,16.28
Wheat,3057.21,91.67,96.16,25.21
Soybean,4212.58,92.26,56.28,25.87
Maize,1613.29,49.26,74.41,31.8
Sugarcane,3637.59,66.16,80.49,19.04
Onion,2548.23,98.64,95.6,5.02
Groundnut,4490.8,52.24,61.24,25.68
Mustard,6716.17,67.63,64.5,21.76
Sugarcane,2645.47,46.81,52.58,20.14
Cotton,6284.89,70.24,37.97,18.47
Onion,2065.46,62.2,100.0,25.97
Soybean,5270.52,74.84,72.27,12.02
Sugarcane,3583.28,91.47,52.15,26.14
Onion,2388.97,73.59,70.85,6.33
Rice,2401.15,67.7,100.0,12.86
Cotton,6980.34,63.06,34.02,22.51
Jowar,2960.93,80.09,89.35,5.83
Cotton,7244.08,86.39,66.97,23.99
Rice,3154.09,83.88,26.37,36.37
Groundnut,6684.1,78.04,73.61,18.04
Mustard,5713.23,100.0,51.31,17.74
Tomato,2300.16,76.99,79.11,6.94
Cotton,4521.91,66.39,99.58,31.96
Rice,2904.82,75.87,71.42,20.55
Sunflower,6647.43,53.01,70.57,28.86
Sunflower,5606.73,74.15,82.17,10.67
Rice,2713.22,62.21,78.22,14.26
Sugarcane,3809.48,55.14,73.51,26.57
Wheat,2302.16,50.69,78.24,14.39
Sunflower,4711.38,75.57,57.21,21.24
Mustard,6383.73,88.21,66.96,27.11
Tomato,2606.46,65.44,68.44,21.28
Onion,1933.81,77.04,56.9,35.8
Potato,2041.93,79.81,87.84,17.05
Soybean,5807.88,67.96,39.0,36.43
Mustard,5721.98,61.17,65.48,5.27
Sugarcane,3002.69,80.33,92.28,11.15
Tomato,2121.78,71.26,69.25,6.0
Tomato,2316.34,100.0,72.97,19.21
Sunflower,6227.95,78.45,75.68,23.01
Tomato,2037.06,42.34,61.94,16.11
Bajra,2620.55,67.82,71.83,2.76
Sunflower,6569.78,65.27,53.41,31.1
Soybean,3973.97,73.28,63.66,24.62
Bajra,2856.79,30.84,97.9,19.83
Maize,2256.8,64.55,90.1,11.64
Sugarcane,3547.47,77.34,56.71,23.78
Sunflower,5378.7,74.71,38.71,18.2
Soybean,4586.3,38.38,74.28,14.38
Potato,1334.75,67.62,30.04,37.78
Groundnut,6105.0,75.31,93.69,11.97
Sugarcane,4027.33,100.0,65.73,37.21
Mustard,3974.74,50.33,72.22,31.74
Potato,2108.23,61.24,68.72,20.12
Turmeric,10287.53,58.23,84.13,23.71
Maize,2649.84,96.55,59.59,35.1
Bajra,1919.11,66.71,94.66,31.27
Tomato,2056.86,68.53,71.05,8.49
Jowar,4278.9,97.17,74.29,37.36
Tomato,2232.71,79.15,64.02,11.11
Groundnut,5935.72,91.66,62.8,17.52
Potato,2065.33,56.02,57.23,15.85
Turmeric,7506.32,56.45,60.03,19.52
Sugarcane,4347.13,54.58,84.36,33.22
Sunflower,4924.73,53.48,72.97,12.25
Wheat,2240.16,79.41,95.76,13.27
Onion,2102.92,48.48,61.53,20.44
Rice,2645.84,68.87,58.78,11.9
Wheat,2472.86,58.31,77.38,10.48
Soybean,3127.79,85.88,69.38,33.21
Sunflower,7089.97,94.98,79.51,32.52
Groundnut,6500.54,80.28,82.39,14.64
Soybean,4965.13,65.56,81.64,9.49
Onion,2132.41,100.0,40.25,28.9
Onion,2387.15,65.6,60.03,8.91
Bajra,2502.23,61.75,79.58,10.73
Potato,1536.39,47.05,98.89,24.21
Wheat,2537.88,62.27,55.6,11.04
Potato,2035.95,73.95,75.27,13.9
Sunflower,4555.42,65.12,68.01,14.41
Groundnut,5763.52,59.86,64.4,2.28
Bajra,2569.95,65.15,93.86,10.65
Cotton,5919.06,67.68,87.53,16.43
Sunflower,3806.37,62.42,70.31,26.16
Groundnut,5394.43,44.63,60.93,13.76
Rice,1848.36,73.36,50.27,36.69
Cotton,5556.54,68.16,84.16,19.97
Soybean,4649.1,72.7,75.27,5.13
Sunflower,5971.89,75.43,55.37,27.79
Sunflower,4617.12,55.82,55.77,11.25
Wheat,2745.57,63.63,62.49,16.16
Turmeric,9867.76,78.38,70.81,15.95
Cotton,8377.08,86.34,63.43,36.36
Jowar,2609.54,44.2,75.98,22.2
Sunflower,4841.06,57.25,62.15,9.9
Tomato,2352.84,62.2,46.37,17.99
Onion,2091.97,76.16,45.91,30.58
Rice,2047.29,73.08,99.4,27.69
Bajra,2774.13,40.09,52.52,12.81
Rice,1618.15,45.16,52.03,25.18
Potato,810.0,70.08,67.45,25.82
Turmeric,11455.83,81.26,51.05,37.24
Wheat,2365.59,60.57,46.74,10.73
Groundnut,5387.57,67.72,79.05,12.24
Sunflower,6614.56,94.47,86.19,29.06
Soybean,2883.16,52.54,73.73,30.6
Groundnut,5520.45,86.82,100.0,10.16
Potato,2151.6,72.2,94.8,28.33
Soybean,4455.88,52.39,67.0,12.95
Sugarcane,3855.09,65.99,71.3,22.24
Sugarcane,3440.89,73.29,91.21,14.35
Tomato,2655.73,70.86,80.34,25.8
Rice,2039.03,60.22,38.69,32.32
Maize,2140.82,93.91,64.64,17.94
Potato,1891.49,70.85,61.95,11.34
Sugarcane,4061.08,47.7,83.7,31.97
Cotton,6794.04,96.61,89.78,9.88
Cotton,6539.79,83.12,63.63,13.0
Sugarcane,2510.65,57.48,79.96,30.49
Rice,2883.6,46.69,88.85,25.17
Rice,1985.66,76.79,80.31,22.12
Groundnut,6085.96,59.25,57.0,8.1
Potato,1874.98,54.05,52.55,5.49
Turmeric,7840.82,100.0,88.49,20.96
Onion,3098.7,45.52,72.13,32.11
Mustard,7621.81,52.88,62.53,26.36
Rice,1953.62,66.69,49.37,33.54
Groundnut,5767.36,52.79,69.68,7.18
Mustard,4687.06,69.1,93.74,24.92
Onion,3300.85,81.22,64.43,34.22
Rice,2310.71,100.0,62.92,22.66
Maize,2939.51,77.59,65.79,30.16
Potato,1727.37,64.52,60.36,7.38
Sugarcane,3816.67,70.92,53.03,31.32
Mustard,6276.54,86.63,51.88,27.26
Wheat,2927.49,34.37,77.91,32.47
Sunflower,5897.49,62.06,85.52,22.49
Cotton,5962.2,73.47,46.05,22.37
Soybean,4493.97,76.8,86.24,10.34
Cotton,6647.79,56.2,30.5,17.28
Bajra,2964.63,62.26,61.36,15.76
Sugarcane,4153.51,30.1,68.93,31.68
Sugarcane,3272.68,34.57,18.62,13.64
Onion,2765.66,96.75,68.99,25.97
Potato,2418.44,63.03,42.84,35.59
Sunflower,5010.06,66.73,55.28,12.22
Onion,2907.3,36.27,97.7,26.36
Turmeric,11143.22,73.6,45.94,37.35
Wheat,2162.95,100.0,54.74,24.72
Sugarcane,3883.56,72.89,87.32,26.92
Bajra,2586.05,91.19,96.71,2.83
Mustard,6281.96,55.94,92.54,21.72
Tomato,2135.64,50.44,61.69,8.38
Sugarcane,3936.63,70.01,78.51,26.41
Tomato,2295.13,40.37,72.76,13.64
Groundnut,5834.22,86.61,88.32,2.3
Cotton,6516.55,96.15,98.6,2.16
Cotton,5369.6,87.45,90.92,20.39
Potato,2366.1,82.82,94.23,27.18
Wheat,2622.01,42.03,84.23,18.34
Potato,1629.93,53.81,63.52,13.51
Bajra,3518.94,96.2,63.01,36.79
Mustard,5682.55,49.86,57.38,5.56
Groundnut,7410.42,100.0,43.18,36.42
Mustard,7053.18,78.72,75.3,26.14
Maize,1635.3,76.72,75.59,23.32
Bajra,1687.59,83.96,55.6,36.79
Maize,2233.3,79.17,79.29,3.15
Cotton,6766.17,59.11,47.17,12.07
Wheat,2585.25,87.16,70.59,19.11
Potato,1623.24,53.9,67.32,14.47
Sugarcane,3837.0,78.36,61.38,29.93
Rice,2021.96,68.81,43.94,33.33
Cotton,7662.73,58.46,52.88,21.32
Groundnut,4629.78,85.43,91.55,22.64
Maize,2292.29,68.8,69.26,5.29
Cotton,6315.44,66.31,69.62,5.91
Potato,1289.74,91.82,38.84,38.12
Sugarcane,2883.13,47.24,70.82,18.54
Turmeric,8832.93,52.68,84.97,10.91
Sunflower,6162.1,63.79,78.67,24.27
Tomato,3036.2,66.61,74.12,26.12
Wheat,2690.02,45.46,71.04,20.87
Maize,2567.86,57.95,42.6,27.61
Onion,2647.08,73.08,48.35,21.32
Onion,2733.92,42.61,79.79,19.53
Onion,2819.97,84.32,48.41,27.72
Bajra,1527.67,57.38,80.73,31.05
Mustard,5436.88,100.0,99.38,3.48
Jowar,3570.81,73.07,52.8,31.87
Mustard,5848.86,76.43,96.54,12.65
Cotton,7345.71,41.52,47.69,16.0
Maize,2161.07,44.19,63.2,9.58
Rice,2389.58,36.33,69.28,13.24
Turmeric,10426.91,63.54,87.9,26.0
Onion,2018.9,62.91,90.5,28.21
Wheat,2366.37,53.08,53.48,2.24
Maize,2395.62,82.65,32.55,23.08
Sugarcane,3529.7,68.9,44.68,25.59
Wheat,2308.79,100.0,78.23,17.9
Jowar,2579.56,45.04,71.78,23.56
Soybean,5287.98,100.0,61.85,23.98
Bajra,2694.25,87.47,64.89,17.29
Sunflower,5823.88,76.83,62.12,20.77
Groundnut,3851.16,96.72,64.41,38.21
Rice,2171.34,39.54,65.37,22.27
Tomato,2497.96,100.0,47.98,27.76
Cotton,7284.97,82.53,68.11,21.37
Turmeric,10287.93,79.92,72.89,19.32
Tomato,2071.86,59.72,100.0,16.48
Onion,2716.1,68.9,45.94,22.82
Sunflower,4984.05,53.1,84.45,14.5
Potato,1801.3,89.09,62.11,15.28
Tomato,1873.3,68.52,94.88,23.66
Rice,2641.41,72.08,86.01,11.32
Tomato,2358.24,73.02,52.07,21.4
Bajra,2920.45,59.25,92.73,21.23
Maize,2154.67,63.73,74.63,6.15
Sugarcane,3104.6,34.56,66.09,12.02
Soybean,4404.96,85.13,72.64,16.89
Sugarcane,3168.95,100.0,65.63,15.12
Mustard,4157.36,95.75,89.81,27.17
Onion,2610.43,72.66,60.2,13.43
Cotton,7302.14,83.52,19.01,27.04
Bajra,2350.16,50.86,61.93,14.31
Maize,2704.0,79.33,22.27,37.18
Groundnut,5382.64,85.07,97.16,12.68
Tomato,1870.8,59.38,95.74,24.37
Jowar,3459.02,69.73,77.75,18.66
Wheat,1716.93,64.36,86.15,31.02
Onion,2974.91,55.01,78.93,27.69
Jowar,2708.71,71.73,77.99,11.81
Wheat,2825.84,69.83,65.78,21.03
Groundnut,6264.55,73.38,55.15,19.16
Bajra,2976.71,64.95,82.23,20.55
Jowar,2826.86,60.18,88.8,15.39
Sunflower,6278.47,100.0,64.2,36.23
Groundnut,7808.15,51.16,57.46,24.9
Mustard,4614.9,57.47,91.91,27.68
Potato,2459.85,79.84,46.04,36.54
Sugarcane,3615.37,84.76,67.39,24.02
Mustard,6319.27,80.94,63.57,24.01
Tomato,2313.6,65.96,98.54,14.88
Rice,1723.79,75.98,88.57,28.47
Sunflower,4450.06,49.66,36.17,22.35
Turmeric,11654.02,75.82,65.43,29.04
Mustard,6223.56,100.0,67.6,25.11
Soybean,5534.04,76.99,58.54,26.83
Mustard,4068.85,78.6,86.53,25.68
Cotton,6813.38,56.34,56.08,5.07
Mustard,3964.31,100.0,98.16,25.51
Maize,2722.01,100.0,68.66,36.81
Bajra,3360.65,76.85,66.15,29.46
Rice,3110.31,66.02,63.02,24.92
Jowar,2290.29,66.67,78.69,27.31
Potato,1417.18,35.05,53.28,27.54
Mustard,7061.01,70.78,100.0,31.42
Groundnut,6396.07,48.6,54.98,12.77
Mustard,5048.94,73.23,92.45,17.4
Bajra,3028.16,78.16,72.04,19.95
Soybean,3440.94,75.89,86.66,27.21
Cotton,7840.85,32.11,63.12,29.57
Tomato,2333.18,93.71,74.36,19.11
Maize,2555.75,84.76,74.9,22.4
Turmeric,11483.42,58.4,87.4,32.76
Maize,2088.66,38.13,75.0,15.37
Turmeric,10009.28,84.02,65.27,22.77
Rice,2261.61,100.0,80.63,21.67
Bajra,2583.42,86.32,76.68,7.02
Tomato,1907.9,73.96,68.1,17.48
Cotton,6334.27,81.78,94.47,8.31
Bajra,2268.43,86.19,76.05,18.66
Cotton,6200.15,54.66,77.32,13.64
Jowar,4189.21,100.0,56.17,36.54
Sunflower,4775.66,86.22,75.74,16.04
Onion,2307.86,47.62,76.19,16.37
Mustard,7595.17,67.52,50.9,33.97
Onion,2122.91,100.0,62.92,28.7
Wheat,3002.94,50.46,34.67,32.95
Maize,1876.8,70.35,68.79,16.05
Wheat,2539.61,61.62,42.68,17.94
Bajra,2001.12,66.12,76.61,27.23
Groundnut,6239.78,65.57,95.3,16.93
Rice,2931.67,87.51,68.87,28.09
Tomato,2665.48,97.46,100.0,22.61
Onion,2101.32,55.0,100.0,25.03
Soybean,6214.44,74.63,46.69,37.45
Groundnut,6087.1,78.06,74.2,7.83
Jowar,3865.08,70.56,49.54,35.04
Maize,2062.68,49.66,54.21,9.71
Maize,2077.09,65.9,43.43,19.86
Jowar,3317.36,84.31,63.7,24.0
Wheat,2650.4,84.85,53.51,25.86
Jowar,2503.01,51.52,72.19,23.79
Wheat,2886.74,75.75,47.81,33.96
Sunflower,5358.83,100.0,78.03,16.95
Wheat,2319.15,70.0,75.3,5.81
Cotton,6365.87,80.01,56.43,16.98
Sugarcane,1974.72,96.12,92.14,26.23
Bajra,2747.93,94.66,65.29,19.72
Tomato,2557.32,51.08,71.53,23.82
Potato,1439.11,58.64,48.06,26.34
Rice,2114.28,62.52,77.66,21.8
Maize,2583.87,62.91,92.03,26.78
Onion,2646.95,62.65,67.97,9.62
Bajra,3280.72,56.59,80.97,31.77
Jowar,4590.43,99.02,97.5,24.29
Potato,1398.37,60.19,66.6,24.36
Sugarcane,2455.45,62.84,75.84,28.87
Turmeric,8878.6,77.78,96.39,8.97
Soybean,5376.76,67.12,74.17,16.15
Potato,1759.38,65.23,94.53,11.75
Wheat,2042.48,58.45,86.02,25.45
Tomato,1280.69,72.55,62.24,30.28
Cotton,8448.46,98.94,74.49,37.25
Rice,2848.59,67.4,63.33,16.58
Rice,2326.61,92.89,85.3,13.28
Wheat,2001.52,73.55,45.14,31.29
Turmeric,7754.28,64.59,87.99,22.28
Rice,2526.19,62.0,59.72,2.42
Sunflower,4666.83,65.18,60.59,14.11
Turmeric,10777.82,61.09,83.89,28.58
Soybean,4244.64,68.45,99.95,20.4
Maize,2041.81,55.42,98.94,16.02
Maize,1588.21,78.86,56.05,36.41
Maize,1640.56,91.55,35.19,36.66
Onion,3280.05,37.45,60.2,32.04
Mustard,4829.17,53.59,30.21,27.0
Bajra,2504.2,54.53,74.81,11.04
Cotton,5928.48,69.74,70.23,9.55
Soybean,4043.3,94.02,45.74,30.24
Bajra,1891.25,56.99,40.1,33.28
Turmeric,8569.05,60.0,60.41,5.64
Bajra,2658.21,49.24,49.87,3.5
Cotton,5648.04,59.9,43.62,24.12
Groundnut,5098.02,78.73,62.1,22.26
Maize,1933.18,96.46,87.03,18.92
Jowar,3043.37,61.49,74.34,6.46
Potato,1718.72,89.39,97.97,7.56
Mustard,5538.64,77.68,30.08,16.43
Onion,2497.03,65.56,92.83,9.51
Onion,2355.07,95.5,85.98,12.08
Cotton,5061.86,90.15,64.53,35.72
Cotton,6650.48,39.54,58.6,10.09
Groundnut,5752.97,86.48,44.94,16.11
Rice,2246.97,56.53,43.26,18.4
Potato,1880.06,61.21,76.92,11.24
Rice,3163.91,45.67,31.24,32.58
Potato,2238.6,74.65,74.81,23.49
Cotton,8146.11,51.46,51.08,24.03
Soybean,3584.1,77.85,68.31,29.54
Soybean,5140.39,87.6,60.82,20.94
Sunflower,6619.3,63.16,84.44,30.41
Sugarcane,3331.9,84.09,68.12,14.42
Rice,2724.1,59.88,75.06,15.01
Soybean,5354.64,33.2,97.28,21.4
Soybean,3827.84,61.36,59.42,22.44
Mustard,6135.95,68.49,33.96,24.26
Sunflower,5337.6,78.77,100.0,10.82
Sunflower,5007.85,72.61,49.21,17.01
Mustard,3567.84,61.74,95.5,32.31
Wheat,2832.25,47.46,58.16,22.89
Cotton,8187.08,70.16,56.24,31.05
Groundnut,5502.68,74.66,78.0,7.58
Maize,2253.05,64.01,66.6,3.54
Sugarcane,2820.85,94.23,60.49,26.22
Onion,2492.12,100.0,68.24,15.52
Wheat,2075.15,58.08,29.56,27.67
Tomato,2717.04,80.82,100.0,30.95
Jowar,3066.67,62.25,86.5,12.62
Sunflower,3807.9,63.97,42.67,36.3
Sunflower,4812.67,92.12,53.36,21.41
Potato,1776.73,100.0,87.07,10.72
Onion,2148.34,57.57,53.02,17.66
Turmeric,10112.69,69.69,67.3,14.92
Tomato,2500.26,60.67,49.21,21.69
Sunflower,4567.32,54.44,85.74,22.06
Sunflower,6526.16,58.82,59.86,23.76
Rice,2288.74,72.17,92.6,16.74
Maize,2751.25,51.19,73.48,32.26
Bajra,2705.9,85.47,80.67,8.24
Cotton,6268.11,63.77,47.04,13.86
Wheat,2522.38,61.84,70.46,8.81
Wheat,2810.53,47.7,47.58,17.11
Sunflower,6869.0,68.0,87.27,30.13
Potato,2502.07,73.89,100.0,31.3
Wheat,1894.6,89.54,70.13,33.58
Rice,2024.03,82.92,56.18,33.38
Sugarcane,3707.69,49.43,42.32,20.8
Rice,1834.67,46.52,73.0,31.51
Jowar,3091.77,72.37,78.22,5.73
Sugarcane,3075.78,88.53,80.3,10.44
Sugarcane,2860.58,89.26,100.0,15.42
Sugarcane,3980.74,71.31,72.04,24.1
Maize,1914.5,66.77,56.72,19.63
Onion,2126.88,65.75,62.9,17.54
Onion,2249.78,73.84,74.64,11.18
Maize,1938.74,73.66,95.99,19.9
Groundnut,6225.0,65.9,52.35,17.17
Rice,1961.71,73.85,100.0,31.37
Turmeric,10767.39,72.57,73.07,21.47
Bajra,1893.06,55.53,58.67,23.6
Potato,1503.12,44.81,64.99,24.52
Groundnut,6710.06,47.59,65.07,23.36
Sugarcane,4138.0,66.73,22.65,37.24
Groundnut,7055.15,77.32,70.75,26.49
Jowar,3512.84,82.38,76.3,20.72
Wheat,2089.33,68.81,71.48,15.38
Tomato,1682.5,75.34,71.35,25.56
Tomato,2163.81,58.92,47.73,9.61
Jowar,3178.67,92.54,70.21,20.49
Turmeric,7285.8,15.0,86.41,29.34
Maize,1670.72,65.61,64.59,23.91
Turmeric,6815.55,47.35,50.24,25.1
Maize,2409.02,65.36,52.06,18.07
Tomato,2048.03,68.61,57.5,14.89
Potato,1847.84,46.91,51.47,4.31
Sunflower,5599.66,96.12,79.81,17.78
Cotton,5561.33,62.37,66.34,17.07
Mustard,5655.98,92.99,64.67,16.58
Mustard,5172.53,66.67,56.0,14.85
Groundnut,6016.67,81.78,58.23,18.89
Mustard,5448.84,100.0,47.75,18.15
Sunflower,4655.0,66.51,91.66,20.54
Onion,2838.07,51.5,69.2,21.39
Wheat,2512.46,73.58,79.96,8.52
Turmeric,10265.23,49.24,83.24,24.05
Wheat,2699.42,79.24,56.35,25.49
Jowar,3033.34,75.74,90.32,6.69
Mustard,6264.73,47.47,88.24,21.41
Rice,2638.28,47.48,34.03,13.89
Rice,2774.67,44.65,67.49,20.5
Groundnut,6445.26,92.54,81.92,19.05
Soybean,4402.29,76.33,61.81,18.03
Jowar,2843.38,75.89,65.67,13.14
Jowar,3055.52,66.38,61.26,5.13
Sunflower,5502.92,61.48,87.83,15.45
Turmeric,6873.2,63.61,82.04,30.72
Sunflower,5230.73,52.19,36.96,11.48
Groundnut,5389.34,79.06,73.85,10.48
Rice,2143.37,63.96,100.0,23.01
Mustard,4653.42,44.57,60.92,22.75
Soybean,3659.45,64.3,49.77,31.46
Maize,1973.81,82.53,61.72,23.92
Soybean,5269.18,65.19,52.28,19.05
Tomato,1913.03,56.82,79.75,22.68
Sugarcane,3528.18,41.2,50.38,13.9
Sunflower,4587.33,74.6,85.97,15.75
Turmeric,10722.77,69.25,71.3,19.82
Bajra,2345.87,61.17,90.28,20.27
Bajra,3166.95,16.96,58.71,30.52
Potato,1514.91,67.46,65.28,18.16
Mustard,7208.86,73.71,79.41,24.89
Tomato,1736.48,85.81,45.78,35.82
Maize,1854.3,64.49,90.94,25.32
Jowar,3112.24,100.0,76.3,17.15
Rice,2195.28,39.35,78.16,22.56
Groundnut,5315.74,80.71,56.44,22.92
Mustard,5380.55,58.22,49.51,10.31
Soybean,4100.25,69.55,100.0,23.2
Sugarcane,3245.01,54.07,57.11,2.74
Jowar,2997.28,68.84,61.27,6.35
Onion,2635.44,64.87,89.56,14.91
Onion,3187.95,82.19,86.9,25.45
Tomato,1921.72,79.23,68.36,19.94
Bajra,2341.29,65.3,100.0,19.47
Rice,2206.0,69.02,41.62,25.56
Tomato,1597.51,77.97,89.1,26.59
Jowar,4179.48,60.94,68.51,25.86
Sugarcane,3309.68,74.55,48.83,18.23
Maize,2949.31,69.71,46.02,37.68
Onion,2564.08,71.44,67.39,6.89
Turmeric,8261.83,53.94,94.17,17.68
Maize,1636.8,49.62,100.0,32.13
Soybean,4523.67,100.0,88.87,12.56
Cotton,5832.35,65.76,43.05,23.71
Turmeric,8834.33,75.6,70.34,5.82
Cotton,7610.11,56.7,69.2,21.84
Turmeric,8747.68,51.21,82.72,13.11
Cotton,8010.79,100.0,83.19,33.48
Potato,2136.78,32.57,77.62,27.43
Tomato,1685.67,54.19,61.39,26.92
Wheat,2878.26,60.21,78.67,26.38
Maize,1894.76,81.09,53.82,28.02
Rice,2509.45,89.86,76.57,9.31
Potato,1978.12,55.1,56.1,11.97
Soybean,4403.53,30.12,64.15,17.76
Rice,2633.64,59.13,74.38,10.9
Onion,2745.31,31.43,77.17,19.79
Maize,2126.7,89.31,52.37,18.37
Rice,2406.34,63.5,68.71,7.39
Wheat,2278.47,71.61,97.61,14.61
Mustard,4901.18,70.53,79.13,15.82
Tomato,2851.93,72.39,54.16,34.07
Jowar,2802.48,70.89,46.03,21.81
Wheat,1746.08,46.72,48.59,23.34
Sugarcane,3155.39,88.03,42.23,16.92
Maize,1967.21,92.09,87.04,13.85
Turmeric,10867.75,44.9,49.81,22.74
Maize,2412.82,79.95,70.22,16.08
Tomato,2188.93,91.95,42.4,15.01
Sunflower,4497.16,62.38,82.93,22.14
Wheat,2324.02,47.36,81.72,12.93
Bajra,2007.68,59.39,84.72,32.92
Maize,1874.93,99.71,89.53,21.57
Onion,2967.48,51.24,54.4,20.77
Sugarcane,4318.14,47.36,58.61,27.07
Onion,2767.82,90.12,98.98,14.31
Cotton,6845.12,69.8,43.88,20.71
Mustard,7309.18,40.08,48.41,26.72
Maize,2217.36,60.7,62.27,2.55
Tomato,2398.75,100.0,54.08,22.9
Cotton,6595.1,67.58,91.52,11.04
Tomato,2017.77,96.26,44.4,22.42
Bajra,2662.48,75.26,74.36,4.31
Soybean,4450.26,99.28,70.94,22.38
Sunflower,5071.57,91.87,73.68,13.68
Turmeric,13326.49,49.0,68.3,29.37
Tomato,2268.28,61.09,64.86,5.12
Maize,2184.03,93.78,68.26,14.67
Sunflower,4576.38,64.72,72.77,14.87
Rice,2230.27,45.96,95.06,19.56
Bajra,2077.27,68.59,69.67,20.62
Maize,1788.08,60.71,72.49,23.25
Sunflower,4548.27,76.21,48.78,27.24
Wheat,2198.67,100.0,86.03,17.94
Sugarcane,3233.97,100.0,52.54,15.57
Cotton,6144.83,68.75,58.94,11.96
Maize,1745.72,84.77,78.65,24.23
Soybean,4368.11,34.28,77.51,18.72
Potato,1987.79,60.58,60.9,11.68
Rice,2764.09,56.26,91.51,20.94
Rice,2345.78,44.83,70.52,14.93
Turmeric,9798.03,74.4,61.29,16.95
Maize,2081.67,38.22,69.91,15.58
Bajra,1974.29,59.67,59.36,23.6
Bajra,2667.12,96.47,89.99,8.03
Wheat,2408.98,67.06,73.73,3.24
Sugarcane,2857.96,57.54,87.82,19.8
Sunflower,6637.35,53.5,66.77,27.7
Cotton,6652.91,40.71,94.81,12.41
Rice,3197.47,70.85,60.96,29.98
Groundnut,5664.62,78.18,64.94,11.62
Soybean,4068.63,91.77,77.13,25.26
Bajra,2048.43,84.68,63.13,35.38
Maize,2603.49,69.08,58.27,24.92
Wheat,2963.47,82.24,78.34,25.04
Turmeric,8337.95,66.04,100.0,17.04
Tomato,2148.58,99.93,97.02,5.82
Sugarcane,3680.82,28.31,99.81,25.19
Potato,1796.19,67.43,71.11,2.85
Soybean,5761.32,84.97,100.0,27.06
Maize,2374.02,82.32,70.77,15.37
Cotton,8383.14,94.54,61.04,37.75
Sunflower,3770.18,54.34,86.89,31.94
Onion,2278.11,84.36,66.38,19.45
Sunflower,5872.36,92.42,52.81,27.48
Sugarcane,3312.6,48.09,52.26,5.02
Cotton,6063.28,79.96,59.13,20.32
Mustard,5316.51,51.54,38.27,12.98
Rice,2616.95,25.51,100.0,14.18
Rice,2122.13,73.2,73.24,16.26
Cotton,7906.87,36.65,73.48,30.29
Sugarcane,2679.26,100.0,67.53,31.58
Potato,1085.28,77.48,65.17,29.81
Rice,2090.78,79.78,51.52,31.59
Potato,1448.15,45.36,94.35,28.25
Wheat,2665.84,65.27,64.36,12.36
Tomato,2092.29,94.02,75.21,16.86
Maize,2321.35,82.51,96.81,12.12
Wheat,2460.86,47.87,64.71,10.29
Soybean,4745.66,73.83,99.11,9.89
Cotton,6276.68,67.93,77.76,7.26
Soybean,5715.8,100.0,73.63,33.73
Potato,1204.98,48.82,59.36,27.17
Turmeric,8842.55,52.16,95.42,11.82
Maize,2510.52,100.0,82.58,25.73
Onion,2439.23,59.11,66.76,5.8
Cotton,4870.5,32.66,45.7,27.64
Bajra,2258.93,63.94,64.84,15.15
Rice,3294.45,65.84,96.58,32.68
Cotton,7080.09,79.66,100.0,16.95
Turmeric,9204.0,71.41,84.19,8.4
Wheat,2282.87,74.02,77.36,7.84
Cotton,7432.14,49.69,52.03,17.01
Onion,2896.46,60.79,54.18,21.06
Sugarcane,3812.83,91.09,79.36,27.75
Cotton,6791.97,87.53,82.42,8.11
Onion,3350.42,57.66,75.91,28.95
Sunflower,5278.63,70.61,58.8,9.54
Sunflower,4279.82,96.11,27.95,31.57
Onion,2892.11,31.13,90.02,24.3
Onion,2669.94,37.83,66.72,15.6
Onion,2289.92,76.79,96.87,15.6
Turmeric,10693.24,58.14,95.47,29.37
Jowar,2650.71,48.99,56.02,15.57
Bajra,3590.29,87.39,71.69,31.96
Cotton,7632.36,71.42,61.02,24.51
Wheat,3214.14,24.45,50.35,32.16
Onion,2067.44,88.16,74.54,27.15
Maize,2365.05,95.76,44.76,21.95
Wheat,3337.85,55.4,52.08,26.12
Jowar,2411.66,46.05,79.86,28.53
Sugarcane,3648.91,42.23,98.77,24.5
Onion,2300.78,34.29,37.19,9.7
Jowar,2547.12,79.19,76.45,18.35
Sunflower,6713.85,100.0,78.14,35.26
Mustard,5553.62,65.99,41.81,14.99
Cotton,5111.99,79.11,85.57,24.89
Wheat,2611.33,53.76,87.43,17.99
Soybean,4075.54,32.7,78.61,24.52
Sunflower,6552.38,89.5,49.57,36.75
Onion,2222.22,45.08,61.13,17.52
Maize,1869.07,54.71,89.71,23.69
Potato,2527.35,55.3,70.28,28.24
Bajra,3044.43,37.8,59.61,25.32
Soybean,3986.63,75.98,57.51,28.77
Sugarcane,2595.12,45.29,100.0,27.69
Soybean,4851.57,46.13,80.02,10.95
Maize,2229.97,53.4,78.56,10.46
Onion,3463.44,74.86,70.04,25.63
Cotton,6455.67,79.35,42.66,15.23
Maize,2182.13,51.5,94.36,9.93
Rice,2731.77,37.98,88.89,19.85
Tomato,1859.15,54.93,72.21,21.77
Turmeric,9154.39,48.3,69.88,11.19
Wheat,2169.87,78.42,70.9,14.24
Mustard,6765.36,72.32,69.02,22.74
Cotton,7791.6,100.0,52.49,34.1
Mustard,5083.08,90.37,66.14,24.41
Sugarcane,4006.17,84.28,68.01,33.8
Potato,2058.39,61.99,68.9,18.37
Rice,1636.55,74.87,64.46,29.43
Bajra,2166.39,73.95,80.87,19.68
Mustard,7153.8,77.42,76.96,24.51
Soybean,4534.26,50.99,80.11,15.14
Groundnut,4825.82,59.35,45.44,26.19
Soybean,4106.11,37.38,59.23,23.85
Sugarcane,4508.36,52.12,15.86,37.6
Sunflower,5469.27,84.38,100.0,11.97
Groundnut,5693.51,55.54,55.88,3.76
Bajra,2573.84,64.34,89.32,9.77
Bajra,3338.66,76.02,65.44,30.74
Onion,2957.72,74.39,100.0,28.43
Onion,2619.17,85.23,69.94,15.48
Sunflower,3146.75,56.59,67.74,26.57
Sunflower,3955.68,58.72,70.46,28.04
Soybean,4901.7,42.45,92.79,12.61
Mustard,5489.76,64.4,90.29,11.53
Cotton,7271.56,66.84,88.69,20.66
Wheat,2930.04,69.07,62.94,26.88
Mustard,4876.06,82.39,63.19,24.82
Sugarcane,3704.84,92.13,35.59,29.75
Groundnut,4735.33,87.42,60.6,32.15
Rice,2578.56,54.45,83.43,13.73
Jowar,2426.39,72.44,62.82,25.23
Rice,2368.74,38.34,64.93,15.23
Soybean,5317.53,40.26,55.78,17.97
Sugarcane,3344.85,78.56,68.35,10.98
Bajra,2821.52,86.67,100.0,13.7
Maize,1747.24,87.95,57.04,35.11
Wheat,1644.63,50.72,52.93,24.2
Soybean,5768.52,63.22,68.21,21.83
Wheat,1967.86,82.07,64.98,29.25
Maize,2330.73,52.92,72.51,13.68
Tomato,2638.57,87.85,48.45,34.91
Soybean,6092.08,72.68,96.61,32.4
Mustard,5842.39,72.8,47.49,18.76
Potato,1935.33,46.27,28.56,19.52
Sunflower,5218.75,100.0,89.75,6.7
Tomato,2149.9,82.5,55.92,17.6
Mustard,5771.56,78.37,71.08,8.0
Soybean,4738.55,84.37,81.94,2.9
Cotton,4810.98,71.52,57.19,31.53
Jowar,2485.46,83.02,79.16,19.7
Onion,2195.66,75.45,87.92,17.41
Mustard,4624.34,44.74,48.39,19.53
Sugarcane,2117.11,90.64,70.51,34.64
Rice,3724.08,90.59,83.69,28.56
Groundnut,3303.71,73.93,71.78,23.81
Cotton,9482.34,60.31,71.49,28.21
Turmeric,8824.5,73.23,64.76,7.66
Soybean,3689.24,85.82,64.17,35.64
Mustard,5851.7,80.56,36.18,19.69
Jowar,2908.11,92.74,45.03,17.41
Onion,1614.81,48.79,66.66,30.32
Potato,1785.66,63.87,100.0,9.6
Potato,1474.15,71.53,46.18,32.52
Maize,2085.72,57.75,71.79,10.64
Rice,2543.68,69.86,84.77,8.93
Bajra,2318.96,49.61,57.15,15.04
Jowar,2823.08,97.08,89.61,10.32
Groundnut,4315.19,100.0,74.08,37.37
Groundnut,6208.93,80.46,38.03,21.55
Wheat,1944.81,71.83,87.56,25.3
Rice,2209.7,59.64,100.0,21.57
Sunflower,4868.85,62.2,83.92,15.66
Cotton,7060.85,77.63,86.9,13.47
Jowar,3466.77,81.56,67.05,25.25
Tomato,2275.35,66.73,63.59,6.17
Onion,3234.35,85.42,82.97,25.52
Wheat,2157.14,82.23,76.29,14.11
Rice,2882.32,81.09,70.94,21.99
Turmeric,8859.8,80.08,66.92,9.92
Wheat,2053.03,100.0,72.58,29.21
Wheat,2486.65,52.51,52.65,5.42
Jowar,3315.2,73.42,39.27,25.3
Cotton,6756.58,75.56,53.3,18.53
Wheat,2139.84,81.19,31.24,26.16
Bajra,2236.51,74.47,98.22,22.66
Cotton,7187.79,50.99,72.73,18.1
Jowar,2039.77,85.18,70.39,32.04
Sunflower,4761.84,72.98,79.12,12.29
Wheat,2288.15,96.14,35.45,19.96
Soybean,5416.26,85.8,82.77,15.51
Rice,2349.47,65.09,85.91,14.61
Turmeric,8415.66,71.19,78.87,11.0
Rice,2505.67,100.0,80.15,13.38
Onion,2723.53,45.97,22.72,22.64
Bajra,2396.4,51.67,75.22,16.93
Maize,1845.41,53.61,56.8,18.93
Bajra,2571.85,40.86,67.76,10.99
Sunflower,6044.05,76.29,81.3,18.68
Turmeric,8430.55,87.76,82.83,10.46
Potato,2031.25,97.94,59.4,27.6
Cotton,7695.17,66.02,94.32,27.33
Soybean,4878.9,59.84,72.94,6.89
Turmeric,8473.53,40.12,51.15,10.51
Onion,2699.15,89.42,75.01,16.4
Turmeric,6609.51,82.39,76.19,26.46
Wheat,2181.94,67.58,70.68,10.43
Soybean,5073.85,60.2,56.64,8.15
Mustard,6574.44,66.85,68.67,18.61
Mustard,4527.11,89.74,72.84,30.61
Onion,2294.21,85.52,64.04,22.24
Mustard,7502.65,67.15,55.2,31.49
Turmeric,7674.07,45.12,80.64,24.44
Maize,2015.24,62.16,81.92,16.72
Turmeric,8297.17,60.46,93.24,17.39
Jowar,2906.78,69.49,88.23,10.95
Potato,1557.83,77.91,54.98,27.51
Rice,2655.9,67.2,76.34,10.47
Onion,1990.72,61.89,96.23,29.3
Onion,2178.72,45.79,46.02,14.23
Onion,2232.06,66.19,100.0,20.53
Potato,1250.31,70.54,67.51,25.65
Turmeric,8078.7,95.0,41.83,25.36
Jowar,2613.38,72.94,72.07,13.71
Mustard,6401.39,61.4,100.0,24.6
Sunflower,4753.21,46.25,91.29,18.55
Onion,2413.46,54.05,75.1,12.16
Sunflower,5387.57,51.92,58.48,7.79
Maize,2187.22,73.47,40.74,15.49
Potato,1729.19,38.75,74.34,14.11
Onion,2512.15,70.68,41.4,15.45
Wheat,2341.98,77.86,48.84,17.75
Mustard,5939.59,55.85,72.53,12.0
Cotton,7005.69,47.27,94.21,17.33
Sugarcane,3333.31,67.44,48.59,15.32
Potato,1693.55,91.25,59.77,20.76
Sunflower,3523.95,65.93,65.69,24.3
Groundnut,5964.06,76.63,90.13,7.63
Tomato,2230.93,87.25,64.24,16.38
Cotton,5309.22,64.37,66.09,19.26
Wheat,2054.75,64.46,65.11,15.99
Turmeric,7504.04,60.09,47.57,25.01
Jowar,2790.81,72.87,100.0,16.88
Potato,1588.04,49.58,81.73,20.82
Wheat,2426.65,85.52,69.12,11.7
Potato,1845.11,81.78,51.2,17.87
Soybean,3514.49,96.17,98.66,23.72
Potato,2071.46,70.53,69.52,16.0
Sugarcane,2634.2,68.24,44.39,31.19
Mustard,5037.76,93.74,54.58,24.05
Tomato,2049.73,100.0,90.32,14.43
Sugarcane,3482.94,52.62,63.76,14.61
Potato,1788.15,60.88,68.9,3.79
Groundnut,5368.36,58.34,100.0,16.22
Mustard,5668.71,66.02,73.92,4.19
Turmeric,9893.08,48.17,68.83,18.17
Rice,2491.44,52.91,99.56,10.61
Rice,2913.04,90.28,77.12,24.14
Rice,2821.3,74.47,49.15,27.33
Soybean,5690.14,80.24,88.28,21.93
Sugarcane,4378.99,84.59,49.73,37.63
Soybean,5184.39,77.84,37.96,22.4
Turmeric,11258.16,86.82,72.63,31.25
Rice,2015.01,67.74,72.16,21.38
Soybean,4678.56,56.79,45.48,9.81
Mustard,4543.75,73.6,67.85,23.7
Cotton,3186.18,76.9,68.92,27.56
Mustard,5527.55,76.93,97.99,9.44
Tomato,2643.54,46.23,65.28,26.81
Sunflower,3991.2,50.07,74.49,32.41
Potato,1742.55,100.0,74.5,17.91
Bajra,3035.66,76.57,68.53,22.46
Bajra,2696.73,58.44,55.42,7.35
Maize,2125.61,70.6,65.56,7.11
Tomato,2498.55,54.93,86.18,23.14
Soybean,4646.19,81.55,80.47,4.67
Sunflower,5860.88,45.09,75.01,21.69
Bajra,2255.13,97.37,73.87,27.0
Rice,2234.79,50.54,83.1,20.0
Groundnut,5686.7,91.03,66.67,16.32
Wheat,2348.99,67.53,83.37,8.3
Turmeric,6835.96,81.56,55.54,38.08
Potato,2304.99,51.94,31.85,34.42
Cotton,6684.83,73.39,77.16,5.64
Sugarcane,2659.75,96.15,55.98,32.14
Onion,2111.38,83.18,34.43,30.62
Groundnut,6914.99,95.03,65.78,33.13
Cotton,5749.25,70.57,75.28,13.44
Tomato,2014.83,55.63,82.83,17.57
Bajra,2999.21,63.77,70.23,18.62
Jowar,2401.27,56.96,77.06,28.52
Groundnut,4969.27,73.47,47.01,28.95
Groundnut,5598.42,55.63,75.62,11.4
Sunflower,2980.85,77.94,91.11,27.18
Tomato,2261.59,59.76,70.98,8.0
Bajra,2185.51,52.35,52.76,17.44
Bajra,3257.22,48.74,80.59,32.47
Sunflower,5287.9,100.0,35.59,15.56
Jowar,2582.78,40.8,60.12,22.14
Bajra,2957.15,65.83,83.01,20.34
Tomato,1902.59,39.77,73.04,23.38
Sunflower,6048.34,64.19,92.0,25.77
Tomato,1842.98,68.01,77.82,20.23
Mustard,3322.55,64.5,75.44,26.65
Sugarcane,3430.68,81.96,87.75,10.99
Onion,2590.48,65.83,66.62,5.45
Sugarcane,3965.3,67.96,90.1,31.2
Wheat,2869.14,79.85,78.69,22.04
Soybean,4930.82,74.32,52.4,16.83
Onion,1909.73,33.71,48.15,27.85
Jowar,1900.61,75.74,65.89,29.55
Jowar,3372.57,51.72,96.29,21.63
Tomato,2632.64,77.91,73.16,24.01
Onion,2323.97,64.83,83.52,15.11
Sunflower,5472.29,85.48,100.0,10.51
Turmeric,7824.5,74.24,42.68,27.75
Potato,1480.13,68.65,42.88,31.42
Wheat,2075.23,33.93,76.13,23.76
Cotton,6674.19,43.31,90.31,13.38
Maize,2939.97,97.73,74.45,36.48
Rice,3023.42,63.83,71.38,23.78
Soybean,5659.3,36.25,65.26,28.28
Tomato,2442.0,71.01,100.0,19.72
Onion,2280.46,100.0,57.95,23.01
Cotton,5270.77,87.24,76.6,26.08
Turmeric,10773.79,100.0,88.84,27.78
Wheat,2787.43,61.86,69.88,20.29
Sunflower,3941.69,33.73,80.73,32.38
Jowar,2716.58,77.29,55.14,22.55
Rice,3348.78,59.34,45.52,30.83
Tomato,2251.92,89.93,63.24,17.1
Tomato,2688.24,75.9,55.09,35.58
Potato,2044.98,65.07,51.22,22.56
Onion,2479.88,65.31,73.46,4.74
Potato,1914.89,46.29,41.4,10.37
Sunflower,4988.3,56.38,76.52,12.97
Sugarcane,3761.78,55.32,80.23,26.31
Soybean,4566.4,77.72,81.14,7.37
Sunflower,5850.68,37.14,26.46,20.0
Sunflower,6097.86,59.26,72.8,22.85
Groundnut,5462.71,86.8,97.35,9.82
Jowar,2643.87,49.81,88.5,21.4
Tomato,2406.23,55.9,44.12,17.34
Bajra,3305.89,52.73,98.03,32.78
Sugarcane,2519.24,44.15,90.63,29.86
Jowar,2434.83,72.05,66.73,21.97
Jowar,2880.77,30.14,64.43,14.23
Onion,2102.03,46.36,75.88,26.27
Cotton,5336.52,84.3,70.57,26.65
Groundnut,5630.81,67.48,68.32,3.76
Maize,3244.6,56.51,88.9,32.62
Onion,2860.74,56.48,71.29,21.18
Maize,1377.46,35.05,63.06,32.36
Mustard,5617.76,66.19,66.72,1.79
Mustard,4911.91,43.17,84.59,21.35
Wheat,2188.82,89.82,82.52,14.37
Cotton,7266.82,79.06,65.05,20.8
Tomato,1940.63,67.33,75.06,14.5
Mustard,6063.92,79.35,72.76,12.48
Wheat,2925.81,81.08,65.84,30.96
Wheat,1936.84,84.41,36.77,34.56
Mustard,5366.74,74.54,59.57,14.35
Rice,1776.63,79.54,81.7,23.61
Cotton,5323.45,66.48,40.62,32.4
Potato,1798.81,65.71,72.37,2.71
Sugarcane,3348.59,37.85,73.74,14.6
Soybean,6132.92,65.09,54.12,29.49
Wheat,2482.3,52.1,30.05,17.93
Sunflower,5060.79,87.89,58.03,17.18
Groundnut,6151.31,64.57,49.5,16.28
Wheat,2290.98,86.88,49.33,18.85
Groundnut,8690.18,93.49,78.6,32.29
Onion,2789.68,81.15,82.54,13.76
Potato,1761.31,82.77,49.54,16.04
Groundnut,5321.7,63.9,38.32,21.96
Wheat,2524.04,86.07,75.6,11.97
Sugarcane,4401.56,75.06,98.06,31.8
Sugarcane,3371.74,79.91,73.26,10.18
Cotton,4809.11,79.03,79.6,23.99
Jowar,2228.84,41.08,61.67,31.45
Bajra,2384.54,72.95,76.68,11.48
Jowar,2522.68,38.36,69.57,25.56
Tomato,2413.43,100.0,95.84,13.64
Tomato,2219.28,67.46,77.38,5.62
Bajra,3299.26,89.67,85.19,26.06
Jowar,3254.81,86.93,67.4,20.39
Bajra,2978.02,62.97,78.36,20.98
Onion,2786.28,88.67,75.8,19.58
Rice,2128.53,74.61,91.41,20.91
Potato,1342.43,66.71,57.13,29.62
Maize,1951.05,77.96,51.3,25.05
Jowar,3505.52,58.5,77.18,24.78
Cotton,7586.05,89.48,32.46,30.69
Maize,1739.82,68.93,82.73,27.29
Turmeric,10624.55,52.58,73.27,25.51
Groundnut,5316.78,100.0,82.55,19.15
Soybean,4024.42,71.83,100.0,26.63
Bajra,3392.0,72.57,63.54,29.63
Wheat,1905.91,70.26,73.43,21.73
Wheat,2309.62,49.32,41.83,10.02
Rice,2431.7,65.67,88.55,12.33
Rice,2233.79,100.0,51.04,24.8
Potato,1914.54,66.62,71.61,9.78
Onion,2266.27,90.02,91.96,11.11
Potato,1378.84,67.91,80.03,28.06
Maize,1633.39,60.92,83.84,30.64
Onion,2902.09,52.57,92.0,26.67
Tomato,2673.72,74.94,65.32,28.96
Cotton,6210.13,79.08,24.04,19.18
Rice,3192.12,28.57,55.63,32.71
Cotton,5893.64,65.1,71.57,11.65
Wheat,2119.2,66.74,95.39,21.16
Sunflower,4863.13,71.98,96.86,16.51
Sugarcane,3454.19,74.66,82.61,12.3
Cotton,5935.0,57.16,63.08,11.6
Tomato,2228.83,64.47,42.15,15.37
Bajra,3041.89,66.34,49.55,27.53
Wheat,2584.55,86.59,86.24,9.28
Potato,1735.65,50.43,75.61,13.61
Groundnut,5261.32,58.7,66.43,13.71
Mustard,5750.78,36.91,62.96,13.01
Potato,2064.87,79.58,49.31,28.74
Cotton,7472.99,30.03,59.97,24.63
Soybean,4860.22,62.8,66.03,3.75
Potato,952.59,100.0,67.96,38.01
Turmeric,8159.18,71.48,66.57,13.21
Sunflower,7292.36,85.67,32.74,38.17
Potato,2008.1,64.3,68.53,14.8
Sugarcane,2651.47,84.08,45.4,30.93
Onion,2801.95,78.33,87.17,16.93
Tomato,2479.4,84.59,61.68,27.03
Soybean,5003.43,64.81,67.36,5.59
Jowar,3296.53,55.92,53.65,12.62
Potato,1347.73,68.12,73.25,25.91
Rice,2288.03,79.32,66.88,17.33
Tomato,2877.48,92.39,48.23,37.44
Sugarcane,2611.81,55.38,46.01,25.13
Groundnut,6839.21,80.0,53.98,32.15
Rice,2975.71,53.08,100.0,28.74
Turmeric,8449.17,35.26,100.0,15.71
Tomato,2319.03,62.29,74.38,10.71
Wheat,2558.7,94.74,74.7,19.17
Jowar,2583.04,78.01,80.17,15.3
Bajra,1592.12,70.96,71.71,22.88
Groundnut,5287.8,73.42,59.25,18.54
Mustard,5414.07,60.05,54.32,6.9
Maize,1606.32,72.85,62.74,29.68
Bajra,2876.86,74.09,16.6,24.49
Cotton,7426.48,58.2,66.58,18.71
Sunflower,5915.28,72.86,86.89,19.19
Soybean,3758.0,90.19,63.59,35.63
Sugarcane,3217.3,62.92,57.43,4.26
Sugarcane,2777.77,57.09,56.69,14.68
Sunflower,4388.89,48.11,78.51,25.51
Mustard,7397.5,82.28,66.15,33.72
Sunflower,5155.95,57.15,77.48,9.48
Groundnut,6891.46,80.0,62.16,29.69
Mustard,6487.31,87.72,66.82,28.69
Turmeric,8748.8,100.0,60.62,17.8
Cotton,7061.9,80.97,63.28,19.97
Bajra,2338.75,76.68,79.97,12.96
Onion,3601.97,90.16,91.41,23.58
Wheat,2195.3,59.24,83.62,17.43
Mustard,6916.31,68.66,80.48,27.96
Rice,2717.11,100.0,69.14,23.6
Bajra,2529.15,95.6,92.24,5.66
Turmeric,9595.4,53.76,53.65,7.79
Sugarcane,2893.47,48.69,37.53,16.83
Sunflower,4558.32,31.1,91.11,21.24
Wheat,2946.79,53.82,63.33,26.92
Maize,1629.37,67.36,67.71,23.26
Soybean,6574.82,60.66,100.0,31.49
Sunflower,4854.73,76.12,100.0,15.45
Wheat,3288.84,54.13,51.93,24.73
Sugarcane,3280.1,93.46,68.86,17.37
Wheat,2718.32,80.0,58.67,25.66
Soybean,5811.45,72.73,49.82,34.87
Onion,3415.64,88.56,51.83,37.7
Rice,2229.23,48.7,45.8,13.65
Wheat,2255.79,52.03,89.64,14.87
Tomato,2227.23,44.67,78.99,11.4
Maize,1163.22,56.49,100.0,31.69
Sugarcane,2426.93,67.8,63.01,25.9
Rice,1863.08,86.67,76.64,29.98
Sunflower,4368.87,65.29,84.85,23.04
Bajra,2343.01,72.94,66.23,15.46
Bajra,2402.24,27.01,70.34,17.18
Onion,1783.6,52.34,59.67,25.47
Maize,1949.96,76.88,41.71,26.07
Maize,2702.11,62.42,82.36,31.17
Sunflower,4336.96,67.71,53.2,26.7
Onion,2741.42,26.05,75.39,19.78
Sugarcane,3902.13,81.97,67.08,31.33
Cotton,7121.24,69.76,38.63,24.67
Sugarcane,2962.98,51.08,73.1,16.05
Tomato,1833.82,100.0,62.83,31.76
Rice,2466.5,55.04,100.0,10.69
Potato,1527.48,47.03,75.37,24.14
Mustard,5452.31,75.0,51.04,16.89
Tomato,1898.94,87.42,52.55,28.5
Turmeric,8425.42,62.91,83.66,15.17
Maize,1570.3,86.02,68.53,33.2
Soybean,6042.58,48.76,73.64,31.39
Jowar,2833.6,74.01,76.81,7.23
Mustard,5618.22,69.46,61.73,4.95
Onion,1637.66,58.57,59.76,23.65
Sunflower,7364.07,58.99,91.37,33.07
Turmeric,5259.09,89.24,95.06,26.13
Bajra,2731.94,61.01,70.14,8.6
Potato,1497.23,87.42,71.11,28.07
Tomato,2014.53,70.1,90.78,16.65
Mustard,6510.14,75.75,38.92,30.76
Sunflower,6330.99,53.18,48.1,24.6
Sugarcane,3312.97,87.92,59.06,18.6
Sugarcane,4116.18,73.21,68.29,25.83
Groundnut,5871.94,64.63,79.08,6.88
Soybean,4924.68,100.0,50.77,16.68
Sugarcane,3457.4,86.0,62.84,21.76
Turmeric,9205.37,43.43,95.21,11.29
Jowar,3449.79,75.24,55.32,28.25
Mustard,4523.13,67.16,87.44,27.75
Turmeric,9422.34,69.7,51.53,15.51
Mustard,5941.28,76.65,43.23,19.99
Potato,1966.08,32.78,60.84,19.21
Mustard,5148.13,76.46,96.96,15.38
Sunflower,5589.99,96.11,88.03,12.54
Tomato,2550.65,94.17,83.03,22.56
Groundnut,5537.38,72.43,44.09,20.07
Maize,2342.73,69.25,55.91,14.83
Bajra,2191.54,49.93,49.07,16.34
Mustard,6825.05,94.1,69.22,35.52
Maize,2056.02,78.23,60.43,17.58
Sunflower,5732.37,57.48,51.19,14.17
Mustard,6197.16,100.0,56.96,26.21
Maize,2165.51,76.58,59.98,12.91
Soybean,4636.1,88.56,41.75,17.46
Bajra,1863.54,68.63,67.0,25.09
Cotton,4861.92,83.87,71.78,30.69
Mustard,3986.51,53.09,15.0,37.49
Jowar,3277.3,57.41,84.66,18.63
Sugarcane,2706.5,100.0,67.28,30.16
Mustard,4614.7,50.06,58.93,21.6
Maize,2005.34,61.02,94.16,19.28
Wheat,2356.73,38.09,89.08,12.21
Wheat,3138.98,43.58,70.99,31.32
Mustard,5658.93,44.8,80.01,11.08
Bajra,2269.37,36.25,72.24,22.13
Sugarcane,2987.34,41.78,54.98,12.53
Turmeric,7525.48,97.49,80.52,27.45
Tomato,2096.7,48.4,80.72,15.38
Mustard,3230.03,87.75,66.33,35.35
Bajra,3007.97,75.94,73.25,18.5
Mustard,5258.55,69.02,67.42,7.65
Sugarcane,2967.07,51.71,80.28,17.32
Jowar,3608.27,63.64,78.12,26.29
Bajra,3031.72,63.84,92.28,26.79
Sugarcane,2655.25,64.65,62.85,18.92
Onion,1771.14,81.89,51.69,37.51
Soybean,4288.11,100.0,73.73,24.51
Rice,2608.88,42.39,96.05,13.77
Sugarcane,3908.48,73.03,75.61,23.18
Turmeric,6790.27,59.82,71.76,26.7
Sunflower,5529.44,78.42,59.41,18.34
Mustard,5334.39,79.7,49.49,19.22
Wheat,2620.84,47.32,54.37,13.18
Groundnut,6778.61,55.44,60.17,19.24
Onion,2564.45,77.94,48.92,16.67
Groundnut,5977.45,59.37,63.98,6.31
Turmeric,9356.92,70.92,100.0,13.72
Tomato,2637.04,52.86,76.41,28.95
Potato,2105.26,67.15,67.38,18.21
Bajra,1713.34,47.01,96.13,32.28
Groundnut,7551.0,82.19,81.46,23.94
Onion,2581.96,66.62,70.99,5.02
Soybean,5111.24,36.15,80.13,16.93
Wheat,2035.72,51.73,62.65,18.89
Wheat,3165.61,62.95,77.58,29.03
Sunflower,7485.51,46.09,75.96,31.77
Jowar,2641.93,61.78,77.78,19.15
Groundnut,5661.56,57.54,60.26,4.25
Turmeric,9633.21,67.28,57.96,13.66
Bajra,2892.41,80.89,98.87,17.7
Sunflower,6275.48,56.93,87.78,30.86
Sugarcane,2327.67,73.16,63.31,28.8
Sugarcane,2615.5,31.61,42.45,23.04
Maize,1125.81,36.88,58.64,31.81
Mustard,6222.63,70.3,52.76,22.21
Cotton,5948.56,45.86,56.53,12.57
Cotton,7462.66,73.62,66.94,19.21
Turmeric,9845.46,52.92,92.81,19.81
Sugarcane,2066.97,63.5,36.81,37.23
Cotton,6949.52,70.29,83.45,13.34
Groundnut,6482.23,68.25,87.02,19.05
Soybean,3369.89,51.57,94.84,33.11
Jowar,3824.16,78.9,66.5,30.95
Maize,2876.1,37.07,45.75,26.6
Tomato,3197.8,90.28,57.17,37.4
Wheat,1715.65,78.5,66.68,30.67
Turmeric,11753.58,75.88,39.41,37.57
Groundnut,4485.54,50.02,83.26,31.84
Rice,2118.94,84.95,66.02,27.15
Rice,2764.74,63.25,74.3,15.66
Jowar,2606.7,91.48,67.95,27.88
Potato,1969.44,53.66,87.83,18.63
Turmeric,8644.37,76.58,86.35,7.54
Sunflower,4810.33,87.47,74.36,16.63
Sunflower,5908.3,79.92,55.44,28.82
Jowar,3439.93,73.02,52.46,28.58
Soybean,5811.83,46.17,73.46,30.05
Mustard,5859.79,75.43,78.9,7.76
Turmeric,9959.21,60.18,54.06,15.4
Soybean,4450.81,75.06,78.64,10.39
Bajra,2330.81,78.1,55.52,23.39
Rice,2756.9,81.78,93.71,14.57
Mustard,5519.8,46.07,76.37,11.1
Tomato,2835.85,89.97,38.67,37.6
Bajra,2054.32,79.14,86.85,24.69
Rice,3204.09,94.6,56.84,36.37
Mustard,6185.07,77.82,92.86,16.07
Bajra,2201.94,84.88,100.0,21.43
Onion,2577.47,35.78,79.04,12.83
Mustard,6631.62,52.08,100.0,28.58
Turmeric,9028.76,64.53,100.0,9.27
Bajra,2756.86,59.42,84.86,16.39
Jowar,2587.92,85.38,58.67,27.98
Potato,1827.64,52.31,81.5,11.57
Soybean,4801.55,100.0,94.9,3.06
Cotton,6240.8,45.27,83.31,14.01
Potato,2088.31,68.29,94.66,25.93
Jowar,2913.11,64.41,82.57,10.26
Mustard,5066.65,48.83,43.09,13.65
Turmeric,9588.22,48.03,53.67,8.91
Rice,3608.46,53.66,98.39,32.28
Tomato,2561.66,74.17,54.09,28.56
Turmeric,9031.2,59.08,61.56,2.2
Potato,1249.71,96.58,64.44,37.29
Bajra,1840.01,80.98,44.54,37.1
Groundnut,6459.0,61.19,85.21,21.57
Bajra,3533.25,81.9,59.36,37.27
Maize,2587.47,49.07,63.02,22.7
Maize,2735.71,66.89,72.89,26.04
Maize,1415.14,100.0,54.62,36.43
Maize,2780.85,57.35,100.0,32.68
Turmeric,13656.01,68.65,60.7,28.42
Onion,2036.66,60.76,72.77,23.9
Jowar,3663.43,78.08,54.43,35.91
Jowar,3227.79,72.78,83.82,11.65
Rice,3454.97,65.16,78.89,29.22
Rice,2639.91,53.38,52.15,6.97
Groundnut,3579.59,75.74,56.31,35.83
Onion,2317.73,42.24,72.07,17.67
Wheat,2171.45,90.41,92.24,11.84
Mustard,5138.55,63.02,71.81,13.0
Wheat,1137.98,83.58,53.27,38.13
Sugarcane,3606.7,57.14,81.14,22.14
Wheat,3148.45,64.23,55.27,28.7
Turmeric,7030.33,66.33,59.46,27.7
Groundnut,6643.93,59.18,100.0,24.64
Bajra,1962.74,82.43,51.94,37.82
Rice,1982.05,52.63,98.43,29.69
Bajra,2350.3,70.64,81.31,14.21
Groundnut,7296.71,75.79,62.32,30.52
Jowar,2292.74,63.4,41.0,36.55
Maize,1683.38,100.0,83.18,34.09
Cotton,5869.01,92.58,58.89,24.57
Cotton,7975.98,47.78,81.81,32.39
Tomato,2172.59,64.26,98.67,10.75
Groundnut,5604.43,67.42,61.44,6.99
Soybean,4467.8,48.81,78.17,16.38
Soybean,3987.83,65.45,77.76,21.11
Onion,3353.01,75.46,81.9,26.03
Tomato,2137.74,72.59,80.8,7.13
Onion,3299.94,66.1,82.73,29.37
Maize,2784.45,43.34,97.99,31.93
Onion,2207.46,100.0,70.92,26.69
Bajra,2416.44,94.23,86.45,13.37
Tomato,1674.73,88.28,73.07,33.09
Wheat,2211.87,66.56,54.67,15.71
Turmeric,10604.0,78.63,88.59,22.15
Tomato,1335.89,76.54,39.77,37.66
Jowar,2835.5,56.15,62.56,9.4
Mustard,5901.56,74.28,61.1,14.64
Sunflower,3884.12,72.49,42.69,36.63
Tomato,2513.3,72.51,63.97,19.75
Mustard,4540.46,79.82,80.79,20.58
Onion,2516.33,58.18,100.0,9.42
Rice,2974.21,94.4,58.36,32.96
Rice,2246.32,88.26,82.62,13.87
Sugarcane,2895.1,88.42,66.12,23.97
Turmeric,8579.32,66.34,42.38,19.34
Rice,3344.28,78.27,65.96,31.37
Turmeric,5061.58,75.73,64.19,30.83
Tomato,2001.25,58.69,52.12,14.61
Groundnut,4164.09,100.0,25.75,38.2
Sunflower,6730.23,83.06,69.07,31.03
Bajra,2304.76,65.36,87.75,21.0
Jowar,2699.67,80.56,42.2,23.83
Jowar,3406.74,71.64,59.12,21.45
Onion,2401.42,51.85,71.92,11.54
Soybean,5537.29,87.41,82.47,18.6
Maize,2525.65,100.0,50.41,30.03
Jowar,3207.45,49.44,54.19,9.02
Tomato,1516.19,64.46,53.16,30.72
Wheat,2979.07,80.59,68.86,30.67
Sunflower,3373.96,65.84,94.94,31.63
Cotton,7056.18,80.79,70.86,15.63
Maize,1995.99,71.04,83.14,13.57
Rice,2416.45,70.63,42.72,18.14
Sunflower,4215.96,61.54,64.92,20.22
Turmeric,6625.02,74.38,93.06,30.83
Turmeric,8891.53,55.47,68.19,7.39
Cotton,6426.7,100.0,100.0,2.96
Wheat,2906.79,63.09,100.0,30.59
Maize,2631.6,52.88,96.04,29.86
Jowar,2375.69,54.54,71.68,28.47
Potato,2246.23,72.81,57.32,32.48
Bajra,2921.94,61.36,68.04,14.64
Tomato,1956.3,39.64,82.65,20.07
Turmeric,7183.53,55.3,56.39,21.04
Potato,1532.89,91.18,81.75,20.65
Sunflower,3575.35,73.27,100.0,32.63
Turmeric,8985.29,78.02,76.34,2.63
Groundnut,6925.56,46.87,57.92,23.15
Turmeric,6911.2,18.59,54.6,31.92
Soybean,4104.02,90.49,69.42,27.95
Wheat,1956.04,71.88,55.87,27.99
Sunflower,4514.98,83.75,70.7,21.34
Onion,2276.29,54.65,100.0,19.25
Sunflower,4442.25,54.63,56.87,16.49
Tomato,1904.73,65.5,100.0,23.69
Maize,1879.03,62.56,35.17,29.91
Bajra,2683.22,50.95,71.94,12.06
Wheat,1938.83,38.16,41.08,20.88
Jowar,2702.06,94.97,85.38,15.67
Mustard,5014.47,54.25,74.58,17.82
Groundnut,5988.83,57.76,96.6,12.84
Soybean,4299.79,96.74,43.05,24.91
Soybean,4614.14,60.48,100.0,12.8
Turmeric,8214.12,89.66,80.83,15.01
Sugarcane,3219.84,89.82,78.66,9.18
Sugarcane,2556.5,68.84,53.97,29.32
Jowar,2891.88,65.9,59.01,8.73
Groundnut,4209.81,84.76,71.08,31.12
Groundnut,6230.5,71.05,63.39,12.02
Onion,2290.6,75.43,77.73,10.29
Maize,1912.21,95.64,53.97,27.04
Rice,2536.84,74.03,77.63,3.67
Tomato,2162.79,63.15,100.0,11.76
Cotton,6952.07,83.16,71.93,13.75
Sugarcane,3060.22,79.38,99.49,11.7
Wheat,2454.6,88.7,47.38,17.59
Bajra,2516.37,83.63,90.01,5.52
Rice,2364.5,68.4,76.88,10.32
Mustard,6863.96,43.96,65.55,30.84
Groundnut,4757.11,79.3,69.82,24.27
Mustard,5082.52,92.17,65.31,23.26
Cotton,6411.23,91.44,61.22,15.48
Bajra,2286.19,83.22,59.21,27.3
Soybean,3732.35,70.19,90.32,29.59
Maize,2589.61,82.27,75.24,23.39
Mustard,4013.2,51.18,64.6,29.12
Cotton,8198.98,64.7,61.2,26.5
Groundnut,4393.96,75.22,86.48,26.81
Sugarcane,2655.39,75.99,59.38,27.02
Wheat,2705.95,57.68,75.34,19.35
Turmeric,7272.49,45.15,61.24,26.62
Maize,2794.33,69.78,69.09,23.58
Wheat,1749.96,66.75,69.04,24.78
Sunflower,5526.68,65.58,71.82,9.62
Bajra,2110.61,55.66,61.0,20.96
Soybean,5408.55,84.14,83.34,14.19
Onion,1778.15,67.68,47.82,34.26
Mustard,5644.16,37.83,100.0,9.62
Sugarcane,2993.78,99.32,40.99,22.04
Cotton,8413.03,37.68,79.62,32.28
Bajra,2644.62,100.0,76.05,16.57
Rice,1841.42,79.7,81.68,24.44
Bajra,3206.06,68.27,68.83,24.58
Jowar,3701.1,33.08,81.69,32.32
Sugarcane,3329.75,61.82,72.52,8.46
Turmeric,8366.09,71.99,91.73,14.6
Groundnut,6092.57,77.11,66.43,12.99
Tomato,2005.22,57.27,37.6,20.69
Groundnut,6331.93,94.44,51.06,24.37
Jowar,2650.27,44.21,84.26,21.75
Onion,2346.68,73.47,94.0,14.13
Tomato,2524.0,27.12,55.96,24.1
Rice,2131.8,45.73,81.5,24.97
Turmeric,11107.78,82.08,64.26,33.16
Soybean,4651.36,90.52,65.8,17.02
Sunflower,5362.7,61.21,49.16,12.05
Rice,2938.8,88.52,65.61,31.67
Groundnut,7286.61,44.45,43.12,24.37
Rice,2534.11,77.35,99.05,10.32
Sugarcane,2972.09,48.91,66.48,13.95
Groundnut,4957.99,90.22,38.11,30.11
Soybean,4908.47,63.05,73.26,5.91
Soybean,4487.47,52.63,58.91,9.46
Maize,1663.91,65.24,54.22,30.03
Soybean,4846.7,86.67,86.97,1.11
Wheat,2440.11,41.84,58.26,8.27
Maize,2545.12,94.23,74.18,28.06
Rice,2278.15,90.87,69.33,21.77
Rice,2399.44,73.27,69.94,7.01
Onion,1728.82,78.33,83.07,25.62
Onion,2632.72,78.62,57.29,18.86
Jowar,3865.54,65.2,92.95,31.56
Wheat,2585.03,90.18,74.74,18.46
Bajra,2714.77,58.79,77.88,12.66
Groundnut,4933.41,55.34,48.44,20.8
Sunflower,4610.43,91.53,90.93,12.77
Bajra,1985.76,54.98,93.81,31.26
Wheat,2638.24,78.39,65.78,17.74
Cotton,8032.92,54.73,75.61,30.6
Groundnut,6663.22,52.02,42.9,21.01
Groundnut,5401.58,55.09,84.38,15.66
Groundnut,7276.33,69.32,57.3,29.77
Tomato,2425.07,75.58,82.49,14.52
Sugarcane,3119.71,59.53,65.27,6.09
Wheat,2388.11,75.54,82.58,3.31
Potato,1584.67,69.88,90.91,20.29
Maize,1923.49,58.87,59.48,14.28
Soybean,4147.25,99.5,98.33,14.58
Cotton,6826.53,73.94,100.0,14.84
Potato,1881.75,33.4,62.8,14.19
Cotton,7497.39,53.09,94.54,25.52
Bajra,1699.93,63.11,44.9,33.52
Soybean,5319.03,99.93,63.21,24.82
Jowar,2355.58,48.93,66.96,28.62
Onion,2045.03,68.38,80.57,23.23
Mustard,5892.09,98.58,86.45,13.75
Onion,2523.82,68.84,78.76,6.27
Bajra,2169.37,71.32,67.09,19.78
Turmeric,9692.99,61.14,69.25,11.74
Jowar,3631.11,100.0,40.22,34.86
Maize,2662.18,65.32,100.0,29.97
Groundnut,3511.57,88.53,51.47,37.47
Maize,1964.69,70.29,64.44,15.44
Potato,1873.44,90.04,33.1,19.11
Groundnut,5572.4,73.25,89.39,10.32
Tomato,1902.12,48.09,62.29,19.42
Sunflower,5631.71,69.06,100.0,17.49
Sunflower,7360.0,73.46,68.84,26.22
Bajra,2757.58,77.11,77.13,7.78
Cotton,5874.33,54.35,68.86,14.75
Turmeric,7221.36,88.49,57.64,33.4
Turmeric,9956.24,38.37,74.67,20.21
Mustard,4347.91,59.25,41.17,33.46
Soybean,5499.86,60.92,79.49,22.03
Maize,1750.93,90.29,68.85,32.8
Sugarcane,3446.71,92.55,71.55,20.28
Turmeric,9310.14,58.33,96.98,12.28
Mustard,5171.86,79.71,67.8,14.99
Mustard,4516.91,56.76,63.15,21.77
Sunflower,5221.89,47.5,66.25,8.3
Rice,2490.59,41.98,89.95,10.85
Maize,2470.55,100.0,45.89,26.99
Cotton,7112.17,100.0,68.97,24.25
Rice,2662.63,65.05,66.81,8.17
Turmeric,8267.07,65.6,57.92,12.62
Cotton,6231.62,66.64,44.68,16.82
Groundnut,7097.51,62.02,27.6,37.72
Potato,1952.52,88.23,40.34,22.33
Turmeric,9277.08,55.53,58.11,4.99
Maize,1983.23,78.28,85.36,12.39
Cotton,5286.63,87.21,27.08,32.43
Sugarcane,3317.73,63.23,80.64,10.9
Groundnut,6209.07,42.58,45.13,7.93
Cotton,7093.21,64.05,66.61,11.12
Jowar,3534.63,56.8,93.81,27.12
Jowar,2178.81,47.56,79.45,31.74
Rice,2202.2,46.78,74.04,21.82
Rice,2184.08,71.39,89.2,19.82
Mustard,6283.26,75.41,59.17,22.74
Bajra,3179.13,86.1,87.89,24.07
Groundnut,4429.78,44.68,61.09,28.33
Groundnut,7047.77,63.96,70.17,24.51
Groundnut,4653.49,58.96,49.79,26.9
Potato,1659.72,72.79,46.48,23.25
Jowar,2894.31,81.63,90.66,8.27
Sugarcane,3919.78,83.75,65.32,33.7
Soybean,5727.01,62.53,56.21,24.3
Tomato,2402.23,93.19,59.35,23.03
Jowar,3831.66,90.88,68.53,36.41
Groundnut,5476.66,90.82,51.35,20.65
Cotton,5842.64,84.75,96.06,14.36
Sugarcane,3009.47,47.99,49.78,7.81
Sunflower,4566.95,85.26,44.65,26.69
Potato,2089.49,63.01,49.94,24.61
Onion,3458.55,56.87,100.0,31.97
Cotton,4932.12,43.53,73.23,33.19
Soybean,4943.98,68.41,79.19,7.34
Wheat,1985.52,74.31,100.0,27.28
Cotton,6614.44,75.86,93.91,8.85
Jowar,2349.66,73.63,79.62,23.84
Mustard,5660.14,66.48,33.67,15.17
Maize,2047.02,60.19,72.57,12.34
Bajra,2181.69,60.22,63.67,18.07
Bajra,2912.26,100.0,70.3,25.71
Soybean,4158.49,72.77,59.61,21.84
Sugarcane,3062.85,63.52,83.5,11.95
Potato,1926.97,65.89,72.62,10.88
Mustard,5361.59,81.84,92.37,7.94
Potato,1691.09,38.61,73.15,16.41
Sugarcane,3263.02,72.22,65.69,6.35
Potato,1873.85,89.18,89.37,4.88
Jowar,1948.44,62.8,79.44,29.74
Wheat,2502.98,96.82,77.79,16.37
Maize,2251.16,73.38,94.36,11.22
Wheat,2273.94,41.06,84.74,14.42
Sugarcane,2799.91,91.5,83.84,18.16
Wheat,3066.68,64.85,63.03,24.92
Soybean,4562.71,66.62,81.6,10.4
Jowar,2996.58,100.0,52.04,14.81
Jowar,3479.76,55.02,67.46,21.22
Turmeric,12051.77,79.21,92.71,27.34
Tomato,1474.67,91.93,83.92,28.6
Wheat,2222.53,68.53,81.26,13.25
Maize,2683.63,54.05,56.88,23.7
Sugarcane,2982.27,80.63,75.35,11.16
Sunflower,6009.89,58.84,76.34,23.36
Onion,2925.95,46.62,55.69,20.47
Onion,3212.77,78.88,92.34,27.22
Groundnut,4728.2,50.52,51.77,18.94
Wheat,2342.7,64.08,45.68,14.14
Turmeric,5466.5,65.99,81.47,28.15
Groundnut,6889.96,100.0,91.41,25.26
Sugarcane,2504.76,85.7,92.23,25.31
Soybean,7052.33,72.52,81.34,27.05
Bajra,3288.76,94.59,56.43,36.28
Mustard,3898.47,65.74,37.18,37.9
Jowar,3092.06,43.88,47.12,4.83
Wheat,2293.7,98.45,53.88,18.27
Onion,2910.67,57.85,63.22,19.0
Potato,1894.16,42.47,34.58,10.83
Tomato,2224.98,61.99,58.43,5.05
Groundnut,5505.75,61.8,53.91,10.95
Tomato,2380.88,96.16,49.6,22.89
Mustard,6985.29,57.99,65.03,26.91
Groundnut,4867.94,73.7,52.63,29.05
Onion,2565.7,64.3,77.71,7.49
Rice,2869.86,65.52,100.0,25.31
Sunflower,5205.11,55.81,94.03,8.89
Mustard,6964.44,66.25,88.11,30.89
Bajra,2598.37,90.03,79.15,7.16
Potato,1152.3,66.08,73.11,26.55
Mustard,6371.91,69.54,65.43,16.27
Sunflower,5440.26,64.19,100.0,14.69
Tomato,1725.02,95.41,86.58,27.1
Potato,2126.02,76.23,88.01,23.62
Groundnut,7537.42,30.44,57.79,33.14
Onion,2440.29,97.15,83.13,10.81
Sugarcane,3780.29,63.9,79.31,24.99
Sugarcane,3285.3,76.55,73.71,5.37
Bajra,2630.79,96.54,65.63,15.24
Sugarcane,4199.32,17.27,63.42,31.53
Groundnut,6105.02,55.48,32.89,19.74
Maize,2143.11,41.78,70.62,12.31
Rice,2633.25,51.33,66.99,10.94
Jowar,3882.9,65.19,92.88,32.75
Onion,2138.48,55.89,54.73,15.24
Onion,2869.7,93.73,100.0,18.25
Tomato,2204.91,63.0,61.71,2.81
Cotton,6933.15,100.0,64.07,21.44
Wheat,2269.03,80.65,53.46,20.17
Potato,1539.73,46.51,72.55,24.3
Cotton,4748.21,72.47,71.36,23.58
Wheat,2831.27,67.49,45.91,30.72
Wheat,2272.39,55.25,96.77,15.0
Cotton,7507.88,76.02,61.32,24.42
Turmeric,5777.76,98.25,55.06,37.63
Rice,2326.71,87.19,60.0,22.4
Tomato,2723.81,99.29,71.13,38.24
Soybean,4511.89,78.4,83.18,9.45
Sunflower,7210.75,19.33,63.86,33.12
Cotton,5297.94,85.44,71.05,27.13
Wheat,2291.98,62.43,86.02,13.37
Onion,3157.9,100.0,100.0,24.31
Onion,2542.63,93.03,47.88,15.65
Cotton,4260.55,50.59,100.0,32.18
Onion,2980.67,69.18,73.88,22.18
Rice,2673.39,60.82,64.94,8.33
Jowar,3273.45,43.77,77.88,17.95
Turmeric,10970.78,81.25,92.96,26.41
Sunflower,5456.89,66.36,48.55,16.15
Sugarcane,2906.35,78.0,91.27,14.76
Maize,2162.34,82.66,73.25,9.1
Tomato,2046.75,56.94,90.02,16.4
Onion,2387.9,63.05,56.65,8.53
Wheat,2391.61,82.11,80.0,2.27
Potato,1974.32,70.03,72.32,10.58
Turmeric,7979.61,67.52,70.56,14.17
Sunflower,6519.23,59.94,57.3,25.84
Turmeric,7822.44,85.48,64.62,25.85
Jowar,3264.19,100.0,80.98,21.44
Jowar,3986.39,67.96,100.0,32.39
Wheat,2340.62,63.25,22.56,17.7
Groundnut,6834.3,47.35,47.07,19.01
Potato,1975.69,80.7,67.15,19.49
Maize,1326.7,100.0,38.93,36.85
Sugarcane,3078.08,74.77,71.44,7.26
Turmeric,7415.52,95.04,100.0,19.56
Onion,2597.56,59.35,75.58,10.14
Rice,2855.96,39.95,89.33,23.08
Bajra,2213.26,46.14,74.96,24.82
Sunflower,4495.02,46.81,69.32,23.15
Turmeric,5456.44,52.74,62.42,27.27
Tomato,2736.54,66.94,84.93,29.78
Bajra,2859.57,73.32,60.17,19.48
Cotton,5623.25,43.5,77.77,22.18
Groundnut,6083.64,100.0,72.13,20.26
Potato,1776.83,76.26,71.9,4.87
Potato,1330.94,68.82,83.88,28.42
Mustard,6303.85,55.23,48.51,17.52
Jowar,3542.66,79.84,82.63,19.96
Rice,2086.26,58.27,77.92,24.54
Jowar,2916.9,58.94,79.31,10.25
Groundnut,4761.37,55.65,98.78,26.68
Bajra,2998.7,64.64,64.14,16.55
Sunflower,6867.97,82.39,71.74,29.24
Mustard,5572.22,44.57,53.22,5.48
Soybean,5169.76,81.02,44.42,21.6
Wheat,2111.36,46.44,69.22,20.85
Mustard,3976.42,63.49,49.01,31.89
Rice,2002.15,57.4,97.86,30.23
Cotton,5189.54,83.66,56.59,33.76
Sunflower,5164.7,86.61,66.85,13.05
Potato,1586.35,80.79,94.91,17.47
Potato,2005.28,71.43,76.15,14.12
Maize,2175.81,98.7,47.43,15.72
Bajra,1833.3,73.98,27.11,36.28
Turmeric,10127.11,59.44,52.91,17.63
Soybean,6132.53,84.0,46.15,37.51
Wheat,2449.69,78.32,61.77,12.44
Sunflower,5113.33,26.94,43.18,7.95
Cotton,6148.45,44.99,86.11,15.08
Rice,3131.26,58.07,72.39,28.27
Groundnut,6580.44,61.08,58.79,16.34
Bajra,2760.8,50.68,70.79,14.65
Turmeric,8874.97,100.0,52.45,16.42
Tomato,2167.93,56.98,90.27,10.47
Bajra,3119.83,58.5,60.77,22.27
Cotton,6407.12,75.88,60.29,10.93
Wheat,2213.54,61.9,82.47,15.45
Jowar,3522.99,94.51,63.4,31.56
Wheat,2968.99,85.32,71.37,31.54
Sugarcane,2152.84,64.11,82.47,30.89
Onion,2507.29,99.78,55.93,15.35
Cotton,5574.67,78.63,51.0,29.59
Mustard,6431.26,43.12,74.54,23.99
Groundnut,5713.17,66.39,66.63,2.29
Sunflower,6346.26,74.43,74.77,22.32
Soybean,4322.58,84.2,54.68,24.13
Onion,2730.87,67.62,67.96,9.4
Wheat,2811.76,34.54,73.55,26.1
Sunflower,4767.59,93.01,60.11,22.64
Bajra,2514.55,66.53,91.33,12.7
Wheat,2093.97,82.96,58.56,26.28
Wheat,2168.74,83.33,67.74,19.32
Soybean,4965.79,55.57,77.54,12.3
Tomato,2440.47,42.19,57.21,18.01
Potato,1590.58,79.73,74.28,15.18
Tomato,1403.26,78.69,59.1,36.02
Potato,2083.82,97.54,58.3,30.54
Wheat,3779.42,66.51,74.89,25.56
Onion,3209.58,77.65,78.29,23.63
Rice,2645.87,63.45,73.62,9.42
Mustard,7033.52,76.52,47.55,37.33
Potato,1648.15,41.69,47.31,10.54
Rice,2058.32,44.66,87.93,27.47
Tomato,2570.98,62.48,69.61,20.93
Sunflower,7513.73,52.9,43.45,29.43
Cotton,6349.47,73.63,85.15,6.84
Turmeric,11448.34,75.21,65.13,30.23
Cotton,10099.93,93.23,100.0,26.67
Soybean,5968.16,100.0,58.19,37.34
Jowar,3562.54,46.0,84.73,28.44
Turmeric,4050.0,47.96,59.37,28.16
Soybean,5144.77,90.44,41.12,21.81
Jowar,3301.45,61.3,67.13,12.19
Sunflower,3236.1,22.89,76.62,32.96
Jowar,3378.32,87.68,100.0,18.44
Tomato,2228.79,69.66,90.28,8.66
Sugarcane,3550.35,93.62,50.16,25.23
Onion,2460.33,77.6,100.0,11.4
Mustard,7191.49,70.45,69.88,24.24
Rice,2188.19,64.43,68.55,15.02
Bajra,2321.69,79.45,98.36,18.94
Soybean,5570.12,60.22,57.03,18.97
Rice,2865.79,86.63,86.49,14.81
Rice,2662.74,60.45,81.85,15.92
Turmeric,7765.3,62.29,67.33,16.38
Wheat,2818.81,66.6,70.28,19.25
Jowar,2550.25,64.22,70.51,18.99
Turmeric,7697.65,74.6,49.61,29.72
Bajra,2384.84,79.12,63.39,17.9
Sunflower,4299.79,68.59,80.5,23.26
Cotton,5880.52,41.94,98.23,18.33
Soybean,5985.64,71.9,56.49,31.87
Rice,2612.72,71.56,65.66,9.87
Wheat,1928.7,60.92,79.94,27.29
Mustard,5085.42,72.9,75.64,11.39
Jowar,3176.9,94.7,97.63,8.3
Maize,2373.61,93.2,84.88,13.46
Potato,2364.04,83.08,66.71,33.02
Soybean,6089.95,68.14,67.96,22.94
Rice,2160.82,63.67,44.25,26.28
Soybean,4254.61,43.96,57.69,17.16
Rice,2892.54,56.91,39.53,27.39
Soybean,4461.68,68.99,74.69,10.5
Sugarcane,3378.56,60.73,79.65,12.77
Groundnut,5583.56,51.72,70.99,11.44
Tomato,2544.43,64.55,85.19,23.27
Potato,1410.81,57.62,34.89,35.62
Rice,3485.41,68.66,52.21,33.38
Onion,2569.19,71.5,39.28,17.68
Potato,2198.04,80.09,89.89,26.64
Cotton,4139.71,99.23,76.15,36.44
Tomato,2528.42,53.72,38.65,24.02
Cotton,6471.65,46.57,57.97,6.0
Potato,1783.96,96.05,76.39,13.73
Mustard,6813.51,90.26,43.95,36.2
Bajra,2971.95,68.06,80.26,19.86
Maize,2397.12,100.0,60.01,24.07
Jowar,3336.3,45.52,75.67,21.33
Tomato,1773.96,44.7,100.0,28.64
Tomato,2392.7,65.89,46.15,22.08
Jowar,3743.17,46.28,43.95,25.4
Sugarcane,3210.6,72.37,99.77,9.57
Groundnut,5821.01,69.67,83.86,6.67
Sugarcane,3115.31,37.72,80.05,12.97
Rice,2872.23,30.2,35.99,16.97
Onion,2439.41,48.02,90.3,11.43
Sugarcane,2984.1,100.0,80.27,20.15
Jowar,3244.64,49.07,65.64,14.03
Rice,2176.07,82.05,78.86,14.92
Cotton,5222.19,83.19,54.67,34.12
Sugarcane,2307.8,40.52,87.24,33.18
Cotton,5738.73,73.85,20.7,25.86
Soybean,6057.64,100.0,83.34,33.87
Tomato,3386.89,51.21,57.77,25.68
Sugarcane,2720.73,71.76,36.53,29.95
Tomato,2772.47,77.62,64.99,30.69
Sunflower,5649.85,71.19,59.5,15.49
Sugarcane,2692.5,70.13,96.32,24.58
Tomato,2407.02,44.28,94.34,18.32
Rice,2126.95,60.59,87.96,25.3
Groundnut,4533.99,65.67,100.0,32.06
Cotton,8044.88,75.24,66.97,28.44
Rice,1942.98,78.81,100.0,30.68
Turmeric,11200.54,48.84,86.79,32.54
Groundnut,7405.04,52.49,34.03,34.16
Onion,3072.36,90.34,77.12,32.16
Jowar,3147.59,88.7,88.36,5.28
Maize,2222.47,60.1,67.18,5.18
Sunflower,5429.12,91.53,54.99,19.71
Turmeric,10257.26,96.79,85.43,22.53
Turmeric,9912.72,60.76,37.47,24.32
Tomato,2143.44,60.04,73.17,8.39
Tomato,2305.82,56.59,79.74,14.76
Bajra,2790.99,81.8,72.13,14.8
Soybean,4758.7,84.74,54.91,15.36
Mustard,5905.44,70.8,46.72,20.35
Tomato,2086.07,85.27,94.64,9.41
Sunflower,5243.69,72.26,73.41,2.68
Mustard,4650.66,78.78,69.47,23.83
Mustard,5988.61,63.96,45.43,19.48
Soybean,4204.61,55.14,79.42,21.2
Soybean,6091.71,56.68,71.67,28.17
Potato,2111.06,86.83,86.35,17.97
Rice,2181.55,69.57,91.11,21.7
Wheat,2896.13,47.69,46.12,22.08
Maize,2026.66,63.24,47.13,17.52
Rice,2394.44,45.11,55.3,9.4
Bajra,1836.66,61.91,78.3,29.6
Wheat,3001.55,85.96,50.35,37.05
Onion,3474.2,99.45,71.14,36.47
Potato,1663.84,56.31,81.79,16.56
Cotton,6630.81,84.7,42.95,16.48
Sunflower,5925.34,80.29,65.5,22.87
Sunflower,5380.46,87.06,57.85,19.05
Sunflower,6156.08,72.89,65.84,23.06
Maize,1749.73,100.0,89.92,27.2
Onion,1362.29,94.64,45.02,38.18
Sugarcane,3791.54,48.9,59.47,22.29
Turmeric,8227.3,41.38,77.19,18.21
Jowar,2656.42,67.6,57.77,17.3
Tomato,1944.24,38.52,72.65,21.96
Cotton,6841.13,61.97,88.42,15.4
Rice,2600.84,69.37,94.92,13.64
Tomato,2736.27,75.1,60.72,32.45
Bajra,3338.95,87.34,65.54,37.09
Wheat,2364.28,37.58,81.99,12.08
Onion,2065.57,74.42,78.87,19.0
Mustard,4910.84,100.0,58.09,26.95
Sugarcane,2766.6,75.17,73.45,16.28
Groundnut,6559.16,65.14,98.34,23.22
Rice,1864.46,71.22,89.18,28.98
Rice,2805.82,89.7,51.59,26.74
Turmeric,7132.3,97.81,71.24,35.73
Wheat,1792.47,66.58,76.7,27.94
Rice,2281.59,78.66,64.23,18.63
Tomato,2297.63,87.35,49.91,18.47
Turmeric,7163.01,75.98,75.26,21.65
Jowar,2471.12,79.16,84.87,20.23
Groundnut,5820.41,100.0,68.5,15.57
Turmeric,8909.94,56.91,66.02,5.0
Wheat,2107.21,50.71,64.96,17.51
Maize,2558.99,84.83,62.54,30.74
Potato,1929.7,58.86,40.99,17.99
Onion,2485.52,73.87,53.7,14.12
Turmeric,10287.78,59.12,96.17,24.23
Sunflower,4375.75,95.64,80.38,25.36
Jowar,2611.12,64.54,70.69,15.52
Onion,2049.05,81.75,100.0,25.46
Wheat,2393.76,95.6,81.02,10.09
Soybean,5135.94,57.01,44.02,14.64
Sugarcane,3100.47,55.4,86.78,11.91
Maize,2273.25,72.33,45.7,17.23
Groundnut,5603.11,60.82,80.87,10.76
Bajra,1884.62,87.83,68.98,34.75
Onion,3179.83,92.34,34.9,37.28
Jowar,3378.53,56.35,84.98,21.95
Cotton,6608.79,100.0,82.73,13.28
Tomato,1496.2,94.96,89.13,26.31
Potato,1327.95,95.51,45.93,37.19
Turmeric,9431.21,90.02,74.99,13.88
Sunflower,5948.49,65.75,53.01,23.26
Onion,3005.34,79.02,100.0,27.56
Bajra,3195.39,74.26,92.67,29.63
Cotton,7939.09,55.57,95.42,30.78
Wheat,2768.4,61.15,63.99,17.2
Rice,2767.82,39.22,91.37,20.81
Potato,1479.44,35.55,76.35,28.04
Mustard,5624.82,52.17,100.0,9.51
Turmeric,6853.72,61.33,46.3,33.35
Sunflower,4272.24,59.8,94.5,27.5
Rice,2393.43,83.06,61.29,17.49
Groundnut,5747.89,75.11,86.38,5.79
Soybean,3946.48,45.44,63.82,24.26
Rice,2733.71,59.64,25.01,23.66
Turmeric,7198.8,91.39,72.59,31.17
Jowar,2521.92,79.04,52.13,31.23
Bajra,2277.42,46.36,69.11,22.06
Soybean,4873.95,44.36,73.69,11.12
Sugarcane,3245.85,91.45,63.01,16.01
Tomato,2178.48,65.05,95.49,9.94
Wheat,2307.15,61.23,80.48,11.88
Onion,2489.27,41.91,86.86,11.1
Potato,1605.06,90.04,68.97,23.94
Mustard,5499.68,83.71,57.05,15.81
Cotton,6517.76,75.58,69.95,3.64
Onion,2009.32,69.89,34.9,34.61
Sunflower,5767.44,73.4,61.3,18.92
Rice,2358.13,100.0,100.0,5.81
Maize,2813.26,82.48,73.37,28.64
Onion,2119.73,100.0,82.35,26.28
Maize,2973.36,42.22,57.91,29.52
Groundnut,5854.68,63.07,65.28,2.65
Soybean,4877.24,66.7,95.19,10.65
Bajra,2078.06,85.49,100.0,25.36
Maize,2333.04,52.12,43.52,11.74
Maize,2135.87,73.93,68.95,7.44
Bajra,2364.64,82.16,94.41,14.21
Bajra,2529.97,60.04,54.13,6.36
Potato,1695.48,87.24,65.06,18.59
Rice,2102.26,65.14,100.0,25.33
Wheat,2446.9,52.83,86.94,12.15
Sunflower,4961.91,56.91,62.78,7.08
Cotton,7518.77,62.58,88.18,26.26
Groundnut,5822.16,77.31,46.67,16.04
Onion,3112.69,55.55,87.07,32.02
Onion,2813.54,59.05,29.33,27.81
Sugarcane,1960.23,73.22,100.0,32.35
Tomato,2612.6,69.05,97.27,28.71
Sugarcane,2503.34,38.54,54.79,27.49
Groundnut,4521.74,67.6,35.56,36.08
Sugarcane,3846.19,66.73,61.81,23.15
Tomato,1920.34,81.25,60.32,24.92
Turmeric,10484.45,34.93,80.82,25.84
Wheat,2574.41,70.01,59.09,14.07
Wheat,2429.31,73.77,90.24,8.13
Sunflower,3613.46,57.07,54.54,24.54
Tomato,2467.1,72.38,44.83,26.32
Soybean,5249.17,80.87,100.0,16.64
Rice,1946.11,59.62,59.85,22.99
Mustard,2520.0,53.38,73.19,30.29
Potato,1816.97,94.64,77.24,11.25
Soybean,7275.54,60.42,68.79,27.31
Tomato,1703.26,70.77,64.19,27.7
Sugarcane,2610.16,78.49,78.85,20.31
Turmeric,9752.49,77.28,91.43,14.65
Groundnut,5155.55,61.89,84.81,20.1
Soybean,4927.72,100.0,44.81,17.22
Groundnut,5785.9,74.76,65.33,7.71
Wheat,2384.6,63.01,96.07,10.86
Jowar,2787.89,63.55,94.09,17.07
Bajra,2763.62,57.75,77.45,14.3
Tomato,2388.5,57.71,80.61,17.87
Wheat,2690.55,53.79,100.0,22.24
Bajra,2209.3,65.55,56.34,22.18
Maize,1771.56,72.24,91.24,27.03
Tomato,2545.2,93.71,78.34,26.08
Wheat,1352.73,79.38,42.6,36.96
Bajra,2878.52,92.26,39.7,26.26
Mustard,7205.84,67.87,69.08,24.6
Wheat,2609.4,84.53,80.16,11.5
Groundnut,4924.75,59.0,81.13,23.69
Rice,2871.44,60.19,85.66,25.01
Mustard,7072.59,58.12,65.92,25.34
Onion,2793.48,79.93,73.05,16.57
Groundnut,5945.45,75.85,68.16,8.05
Jowar,3361.74,72.07,100.0,21.34
Sugarcane,3483.06,45.01,74.39,18.76
Jowar,3139.43,66.57,90.82,14.94
Wheat,2781.91,81.61,90.03,18.8
Tomato,2401.12,63.66,100.0,18.62
Jowar,2732.05,77.6,47.23,23.89
Sugarcane,3489.6,63.33,86.04,18.83
Tomato,2010.95,37.23,100.0,18.22
Cotton,7187.25,89.52,56.19,24.93
Sugarcane,3088.1,55.68,68.43,8.35
Maize,2326.81,33.5,69.2,15.93
Turmeric,12149.31,100.0,66.9,36.37
Sunflower,5669.73,56.27,58.04,11.56
Mustard,5742.04,66.64,95.82,11.71
Mustard,5485.46,79.7,64.18,12.75
Bajra,3114.61,62.63,68.38,22.15
Cotton,7072.43,78.78,90.7,14.77
Mustard,4039.78,76.27,85.28,26.17
Sugarcane,2630.98,52.94,64.27,23.57
Sunflower,4949.91,67.24,70.78,6.34
Cotton,7176.23,71.41,45.12,25.47
Mustard,5960.62,80.05,38.13,21.56
Cotton,6314.78,100.0,64.23,16.8
Rice,2596.34,78.62,65.55,13.18
Onion,2264.34,100.0,70.74,23.59
Potato,1586.74,88.44,59.74,26.04
Groundnut,5378.53,89.11,67.22,20.7
Tomato,2066.65,76.11,75.68,6.66
Groundnut,5814.73,100.0,88.85,8.18
Tomato,2453.19,78.61,28.79,26.93
Maize,1833.35,39.21,15.0,30.17
Potato,1669.4,75.04,97.66,16.83
Cotton,8221.11,71.52,71.49,23.46
Jowar,1992.12,74.01,92.62,30.96
Tomato,2283.51,61.54,63.91,4.9
Sunflower,6774.97,65.37,37.59,37.54
Bajra,2649.5,80.32,76.26,4.72
Mustard,6965.12,65.43,55.4,28.66
Cotton,5072.22,57.64,91.31,30.67
Potato,1924.78,74.78,70.6,10.73
Onion,2441.49,71.58,100.0,12.07
Mustard,3825.97,100.0,48.66,38.03
Jowar,3760.88,100.0,71.74,37.92
Groundnut,5797.66,61.76,44.45,11.24
Maize,2704.67,48.97,80.87,32.47
Sunflower,7019.19,67.34,100.0,32.55
Turmeric,10762.46,77.45,82.72,22.24
Rice,2543.95,58.71,80.71,11.21
Maize,2399.69,100.0,54.81,24.63
Jowar,3631.9,38.15,60.37,29.41
Sugarcane,2644.43,47.89,75.53,27.83
Tomato,2189.8,82.66,61.57,14.34
Turmeric,7639.53,18.24,44.49,25.24
Soybean,4554.08,66.92,43.32,19.3
Turmeric,10997.02,42.83,80.17,30.83
Mustard,7537.41,73.27,94.04,30.7
Jowar,3730.86,70.21,74.62,25.26
Maize,2255.06,100.0,60.5,16.24
Mustard,5780.45,41.11,67.86,12.03
Rice,2885.38,61.4,33.25,29.84
Groundnut,6126.59,43.5,77.05,14.73
Rice,2615.9,70.87,81.62,9.46
Rice,2624.51,84.93,61.97,18.57
Bajra,2712.98,57.56,60.07,5.98
Jowar,2924.62,53.92,67.74,7.76
Sunflower,5999.93,80.68,61.61,28.33
Cotton,6596.91,39.37,70.37,10.41
Cotton,7175.52,77.2,61.29,20.79
Soybean,4284.2,85.23,52.52,26.14
Potato,1547.16,100.0,64.48,28.66
Mustard,4732.09,41.31,63.57,23.58
Tomato,2186.74,89.49,72.09,11.5
Jowar,2808.72,100.0,81.63,18.14
Sugarcane,2291.65,80.55,77.12,24.92
Sunflower,5454.54,82.49,64.27,16.85
Potato,2303.36,83.44,80.74,25.09
Maize,2793.25,69.26,49.64,34.75
Wheat,2448.93,71.08,88.85,9.97
Rice,2869.93,33.31,57.82,23.34
Groundnut,4730.16,69.25,52.63,28.45
Potato,1275.15,82.97,53.97,38.17
Soybean,5368.64,66.87,90.58,21.33
Sunflower,4213.95,60.72,53.75,24.46
Rice,2138.98,80.13,93.01,19.41
Groundnut,6395.59,73.16,82.39,15.3
Tomato,2068.9,86.84,89.88,8.41
Tomato,1923.96,85.34,45.04,28.07
Maize,2094.84,44.1,93.23,14.54
Potato,2372.04,56.98,53.81,25.09
Tomato,2107.68,81.94,59.34,17.28
Maize,2806.01,90.15,33.42,37.58
Rice,2193.99,91.02,47.47,27.8
Groundnut,6357.86,80.57,32.15,24.43
Cotton,6779.11,73.92,65.85,9.7
Soybean,4773.85,100.0,70.33,15.85
Mustard,7118.35,63.66,57.25,26.73
Tomato,2000.44,69.67,80.42,13.62
Soybean,4232.32,61.35,100.0,22.25
Groundnut,5769.54,73.57,75.1,2.92
Maize,2773.73,38.4,70.96,32.7
Tomato,2128.68,75.17,59.84,14.05
Bajra,2994.89,97.98,53.33,30.07
Rice,2409.01,100.0,100.0,4.52
Mustard,6873.13,64.18,75.72,28.06
Groundnut,5298.91,83.43,58.95,22.33
Groundnut,6247.2,36.11,52.57,15.05
Wheat,3101.86,55.29,84.94,32.85
Rice,2077.98,100.0,77.08,30.22
Cotton,5218.53,67.75,45.73,32.96
Sugarcane,2228.09,69.8,78.64,26.4
Sugarcane,2702.4,79.21,62.93,26.22
Rice,2552.8,80.91,51.28,17.53
Maize,2483.67,78.29,62.2,23.24
Soybean,5631.6,86.58,88.4,19.62
Maize,1603.42,70.4,82.95,27.23
Mustard,5658.44,51.11,90.82,10.79
Cotton,5702.79,56.03,76.48,21.02
Sugarcane,3599.01,66.06,87.93,21.79
Maize,1954.83,38.94,87.4,21.33
Potato,1418.55,50.86,73.91,30.31
Sunflower,5124.12,64.98,87.39,9.56
Groundnut,5345.72,73.47,57.92,17.62
Potato,2218.7,66.52,66.02,23.71
Cotton,5502.71,88.48,51.88,29.97
Rice,3011.0,69.0,73.56,22.93
Maize,2254.51,80.03,100.0,9.65
Sunflower,5727.35,100.0,48.63,24.5
Onion,2413.55,59.91,100.0,13.68
Groundnut,5919.9,61.73,77.75,8.6
Cotton,7116.47,100.0,100.0,11.18
Turmeric,8927.7,59.8,49.2,8.57
Onion,2252.93,74.93,96.75,18.79
Wheat,2330.82,100.0,69.23,17.28
Rice,2781.55,76.09,84.14,15.6
Sunflower,6094.76,80.7,97.21,23.1
Soybean,4901.6,60.88,69.78,5.7
Jowar,3509.32,57.12,66.77,21.77
Rice,2531.41,86.84,97.01,4.89
Rice,2219.79,78.0,66.47,18.58
Onion,2336.3,84.07,86.36,7.84
Sugarcane,3615.57,86.1,68.41,24.71
Tomato,1954.63,90.92,72.06,22.35
Tomato,1921.28,40.03,78.68,22.0
Onion,2251.81,85.28,95.61,14.04
Tomato,1948.62,69.73,84.12,17.46
Rice,3148.57,92.43,69.16,36.9
Soybean,3768.22,84.49,79.55,24.64
Tomato,3082.35,64.75,100.0,32.62
Mustard,5559.43,93.39,90.1,4.19
Mustard,3538.01,63.08,69.95,25.86
Rice,2488.07,69.1,73.94,3.06
Cotton,7620.67,70.9,100.0,25.84
Rice,3541.6,55.77,79.41,31.53
Potato,1636.51,59.54,55.31,12.3
Rice,2266.78,73.66,88.79,15.23
Jowar,2089.09,81.15,55.32,37.85
Wheat,1813.96,73.51,79.03,26.21
Potato,1954.83,32.64,53.59,16.59
Wheat,2137.42,68.14,47.72,24.4
Tomato,1594.07,64.9,61.53,25.58
Onion,2656.05,72.26,42.19,20.73
Groundnut,5345.6,65.63,68.88,10.44
Tomato,1751.38,44.73,52.45,24.74
Bajra,2782.49,63.49,91.89,17.61
Wheat,2432.59,78.97,53.34,16.95
Wheat,2343.3,63.55,82.68,9.05
Onion,2570.05,67.99,66.18,4.99
Groundnut,5867.24,55.25,60.62,4.75
Groundnut,7074.25,84.57,57.3,37.13
Cotton,7704.41,56.21,74.92,26.57
Cotton,5247.88,64.26,69.17,21.34
Onion,2766.9,88.74,82.92,14.87
Maize,1431.02,68.41,72.85,24.12
Tomato,2197.73,60.15,87.15,10.04
Groundnut,6468.06,48.7,75.53,21.03
Rice,3087.47,69.32,72.71,24.04
Groundnut,7297.28,62.24,99.19,31.38
Cotton,5359.48,47.08,60.4,22.26
Tomato,2044.77,69.38,72.76,9.8
Onion,1914.67,95.59,39.83,37.27
Turmeric,11302.84,32.09,60.09,31.7
Sunflower,2474.55,84.84,66.17,34.34
Jowar,3579.6,65.88,84.77,27.1
Onion,3007.6,59.44,69.31,23.95
Sunflower,4720.31,74.95,51.08,23.6
Mustard,3592.0,77.06,38.99,37.74
Groundnut,5731.71,76.73,66.1,9.31
Wheat,2262.17,77.67,59.08,17.34
Turmeric,9160.09,63.3,61.96,4.21
Groundnut,4055.32,96.94,64.37,36.62
Bajra,2139.29,73.25,87.48,23.69
Soybean,5424.7,53.29,90.56,23.31
Rice,3021.15,70.33,75.45,23.89
Tomato,1505.07,59.56,83.68,31.77
Groundnut,6029.88,45.79,68.62,12.34
Tomato,3075.65,82.55,74.17,27.96
Bajra,2073.45,25.4,90.43,29.74
Turmeric,11730.91,89.01,81.78,28.55
Mustard,7787.46,84.18,52.58,37.86
Sunflower,5133.89,65.12,64.76,1.66
Rice,2176.7,58.99,98.7,22.78
Maize,2135.57,87.24,47.6,17.32
Onion,3111.53,78.53,63.09,33.15
Sugarcane,3536.12,69.13,82.79,15.31
Jowar,2750.66,62.71,61.88,9.77
Soybean,4922.67,65.62,86.32,11.23
Onion,2353.71,94.75,55.27,21.27
Soybean,4041.74,77.47,80.68,17.31
Sunflower,5416.7,85.36,61.18,18.86
Rice,2274.21,44.4,100.0,19.28
Bajra,2231.35,69.92,45.06,28.12
Maize,2134.63,43.14,39.74,5.03
Mustard,6272.73,55.57,81.2,20.88
Turmeric,8346.18,69.3,92.6,16.73
Soybean,5435.27,62.15,80.42,20.26
Wheat,2452.99,70.02,46.61,15.94
Bajra,2625.6,64.95,100.0,9.82
Bajra,2099.09,52.46,67.95,24.63
Groundnut,5833.01,69.62,80.28,4.73
Cotton,6565.36,71.38,57.23,11.31
Groundnut,4227.91,15.0,100.0,31.65
Groundnut,5453.53,90.74,62.92,20.1
Tomato,2434.81,72.12,62.96,17.0
Wheat,2303.46,77.89,78.53,4.26
Tomato,1612.77,69.11,24.53,36.5
Groundnut,5631.11,81.72,90.12,6.05
Bajra,2418.61,76.97,37.37,21.27
Potato,1602.8,60.66,70.79,15.58
Soybean,4025.54,33.15,83.08,26.69
Tomato,1564.17,97.59,61.65,38.02
Cotton,7998.7,100.0,88.88,30.4
Soybean,5774.41,87.04,66.23,33.18
Tomato,1782.93,35.62,67.27,28.74
Onion,2141.74,61.49,79.42,21.26
Sugarcane,3936.97,100.0,88.03,29.74
Soybean,6050.16,57.27,54.93,23.92
Turmeric,9165.86,66.28,53.65,9.88
Rice,2491.67,78.88,57.61,14.26
Sugarcane,3696.3,73.26,62.5,21.96
Onion,2643.9,78.34,89.86,10.56
Groundnut,6511.63,87.17,39.06,27.73
Mustard,6205.89,94.19,44.69,24.49
Maize,3049.75,76.23,91.02,28.43
Wheat,2194.84,75.41,57.58,19.15
Groundnut,7665.88,53.35,73.88,29.75
Maize,1836.46,90.02,100.0,20.13
Sugarcane,2076.17,53.36,72.57,30.12
Potato,2364.38,85.73,79.15,28.16
Mustard,5747.51,51.3,78.71,12.63
Onion,2634.63,41.65,82.39,14.83
Onion,2234.72,80.05,64.14,20.71
Sugarcane,2608.81,75.79,76.86,20.09
Cotton,5945.21,77.48,43.11,23.08
Sunflower,5334.81,38.57,34.29,6.79
Onion,2605.39,67.49,88.86,11.8
Potato,2246.27,100.0,34.3,38.24
Jowar,2950.23,63.95,69.34,3.55
Potato,2131.04,67.86,97.92,27.5
Potato,1631.54,69.69,41.52,23.86
Mustard,6887.84,53.06,57.15,24.18
Bajra,2885.36,84.1,100.0,16.95
Mustard,6028.3,70.49,63.48,12.68
Groundnut,6400.89,65.92,52.71,18.98
Mustard,5288.47,60.91,96.2,15.03
Soybean,3012.92,66.36,55.68,30.02
Maize,2727.69,54.64,78.29,32.68
Jowar,3906.54,67.79,79.49,28.42
Turmeric,11977.47,100.0,70.2,36.68
Cotton,6503.68,60.77,80.43,7.08
Maize,2706.32,74.85,68.96,27.93
Onion,2829.25,100.0,67.26,26.91
Turmeric,8995.23,43.48,66.71,8.39
Wheat,2120.94,55.74,60.16,15.01
Tomato,1986.81,97.37,85.74,17.72
Sugarcane,2583.19,65.75,49.28,30.47
Bajra,2146.82,50.03,93.45,26.46
Turmeric,11675.66,64.34,66.25,23.74
Cotton,7282.54,32.66,69.53,20.93
Rice,2549.92,94.64,96.16,4.24
Sugarcane,4234.7,45.74,70.08,31.09
Potato,1981.57,81.59,56.91,25.27
Cotton,4524.45,71.43,62.8,27.7
Tomato,2731.83,45.95,64.39,30.49
Onion,2112.36,78.18,81.47,17.5
Wheat,2602.51,63.35,89.75,17.44
Bajra,1547.7,47.97,91.17,32.53
Sunflower,6437.91,70.23,69.79,24.44
Turmeric,12389.2,25.31,72.74,33.22
Bajra,2386.96,38.93,52.58,13.88
Bajra,2616.55,78.27,95.81,8.02
Mustard,5575.76,65.53,54.49,7.37
Onion,2527.6,79.49,76.88,4.17
Onion,2725.56,65.45,61.16,11.65
Mustard,3733.53,73.52,90.38,29.55
Sugarcane,2570.91,48.41,56.77,23.63
Tomato,2238.29,52.71,75.39,9.71
Onion,2221.46,100.0,100.0,11.36
Turmeric,8963.32,98.64,66.82,14.51
Rice,2577.93,88.68,51.97,18.37
Wheat,2749.08,90.06,80.92,20.58
Wheat,2993.42,58.91,79.62,30.54
Turmeric,8731.76,100.0,23.74,17.18
Bajra,2778.79,71.02,54.84,18.19
Tomato,2197.0,54.85,43.04,8.14
Rice,2494.49,73.53,75.78,1.6
Sunflower,5219.27,50.62,55.62,2.12
Onion,3010.72,100.0,50.93,35.57
Bajra,2908.81,79.28,72.43,15.83
Potato,1180.84,55.85,92.37,32.71
Wheat,1963.8,89.26,43.91,32.16
Tomato,2124.86,62.54,62.13,4.61
Groundnut,7623.34,100.0,50.5,37.98
Soybean,6566.43,57.28,100.0,31.9
Onion,2610.48,94.54,64.12,18.25
Rice,2493.93,65.15,51.93,8.51
Wheat,2135.72,41.06,96.36,20.87
Tomato,2336.73,52.59,76.17,14.73
Turmeric,8006.35,18.81,72.59,21.15
Cotton,4054.35,53.48,91.35,31.42
Soybean,4495.8,76.67,64.62,14.4
Groundnut,6399.01,83.21,51.38,25.52
Mustard,7178.35,72.65,80.24,25.56
Maize,2252.47,46.22,69.07,11.81
Mustard,6452.03,99.42,51.92,28.9
Bajra,3116.06,60.05,91.08,30.14
Potato,1906.26,74.42,95.33,13.4
Soybean,3920.81,66.48,85.47,25.39
Cotton,6166.44,72.22,39.92,20.75
Potato,2407.04,85.03,94.16,26.46
Rice,2099.72,70.33,72.31,18.51
Wheat,2483.97,58.15,68.79,7.58
Potato,1897.13,74.04,78.23,6.99
Onion,2949.24,72.88,63.85,24.39
Groundnut,6953.62,77.29,97.28,28.0
Sunflower,4575.33,78.59,57.5,25.35
Wheat,2266.42,44.37,46.25,6.19
Bajra,3385.39,91.33,73.35,33.22
Turmeric,9499.17,66.51,55.32,13.91
Maize,2273.59,74.82,92.38,11.11
Groundnut,7361.38,73.37,62.06,29.8
Soybean,4597.91,77.93,80.28,5.92
Bajra,3080.21,79.69,96.54,25.29
Potato,1675.4,91.73,100.0,11.49
Soybean,4630.58,60.62,56.98,6.2
Tomato,1199.77,64.09,85.51,31.15
Bajra,3447.32,74.41,80.15,24.67
Cotton,5833.74,43.07,75.97,20.23
Onion,2583.65,74.99,75.14,4.44
Tomato,1215.48,59.15,42.9,32.85
Rice,2048.86,100.0,88.18,24.91
Groundnut,6489.4,83.92,50.25,26.59
Turmeric,8601.01,54.29,60.71,7.64
Onion,1878.74,82.98,92.33,26.85
Potato,1322.48,84.18,94.66,27.63
Turmeric,8487.01,84.17,66.99,15.93
Sugarcane,3277.35,67.3,33.87,16.63
Soybean,5476.65,65.23,54.26,22.16
Turmeric,9026.93,64.94,67.01,2.72
Sunflower,5889.68,56.16,85.45,23.84
Maize,1726.12,100.0,54.63,36.08
Groundnut,5700.67,96.4,61.98,15.79
Maize,1900.64,62.85,28.86,29.05
Sugarcane,3445.29,69.19,69.9,8.71
Maize,2212.58,51.98,75.58,9.52
Soybean,5064.1,93.0,94.34,7.58
Soybean,4711.88,86.34,63.77,16.26
Turmeric,7152.26,70.53,65.62,23.58
Cotton,6598.87,62.28,75.9,7.91
Rice,2780.85,60.28,68.85,15.3
Wheat,3108.46,49.99,51.75,24.47
Bajra,2509.6,77.44,93.69,10.32
Sugarcane,3121.09,43.47,74.38,12.71
Groundnut,5348.3,63.46,54.17,14.91
Bajra,3094.88,88.06,59.09,33.48
Jowar,2240.32,33.38,91.23,32.59
Bajra,2318.81,77.35,72.21,15.03
Bajra,2591.61,54.4,39.92,10.86
Tomato,2102.36,62.6,42.26,18.38
Cotton,8034.68,64.06,71.64,25.69
Turmeric,9952.29,61.89,63.62,12.82
Jowar,3414.82,64.94,70.27,17.25
Onion,2800.32,81.88,76.56,15.85
Cotton,4919.85,77.51,43.39,37.59
Cotton,6530.66,65.36,83.56,7.58
Turmeric,10064.03,59.04,96.98,20.49
Sugarcane,2129.85,62.24,77.08,27.8
Bajra,2402.75,52.62,80.65,16.35
Onion,2140.69,85.94,88.16,15.39
Onion,2677.54,99.78,66.26,21.81
Sugarcane,3472.72,69.12,63.71,11.65
Turmeric,10939.83,64.47,54.68,28.39
Maize,2181.81,21.86,87.37,10.01
Maize,2011.29,47.93,85.71,18.28
Bajra,1709.04,35.57,40.54,24.58
Maize,3107.6,86.43,82.87,24.83
Maize,2492.34,76.87,60.3,24.34
Turmeric,8016.53,71.61,89.9,17.27
Wheat,3117.66,74.84,78.86,24.81
Maize,2040.3,86.85,83.17,10.52
Jowar,2973.91,44.8,79.71,11.34
Soybean,5077.28,66.29,45.21,19.61
Jowar,1727.8,62.72,67.25,26.01
Jowar,3130.16,73.07,72.34,5.58
Mustard,8076.66,52.87,99.07,32.67
Soybean,5298.59,81.21,61.74,23.31
Turmeric,8608.25,96.68,100.0,5.57
Turmeric,7993.72,86.34,97.61,16.64
Potato,1762.59,59.55,80.64,11.32
Mustard,5437.44,72.86,66.28,8.74
Onion,1595.62,65.66,97.88,32.64
Potato,2003.74,66.88,79.19,16.11
Maize,1697.29,100.0,70.21,37.72
Tomato,2104.44,57.09,71.28,10.3
Soybean,4934.05,55.83,73.94,10.62
Sugarcane,4115.75,33.67,89.27,31.36
Mustard,8041.33,78.99,86.33,26.51
Sugarcane,3611.62,82.52,98.96,18.94
Turmeric,9290.68,84.43,70.32,11.53
Turmeric,9449.59,94.58,57.95,19.63
Maize,1593.12,96.49,63.84,36.95
Jowar,2392.95,80.9,47.96,35.11
Rice,2147.54,54.51,51.62,15.93
Onion,2384.47,69.13,49.12,16.67
Bajra,2159.43,76.16,43.29,30.6
Potato,1747.17,100.0,70.06,18.53
Sugarcane,3592.87,70.62,78.89,16.71
Jowar,2863.73,70.26,81.69,9.47
Sugarcane,3424.05,77.83,43.02,21.26
Groundnut,5184.13,44.35,81.52,21.04
Mustard,5427.17,50.22,81.29,13.42
Bajra,1674.12,70.98,17.64,37.23
Sugarcane,3329.15,98.6,45.31,18.22
Sugarcane,3114.19,67.13,76.08,6.42
Jowar,2502.94,75.52,59.21,27.29
Soybean,3517.3,67.75,65.8,25.31
Mustard,6113.9,60.82,100.0,18.96
Sunflower,5251.9,100.0,72.26,15.12
Cotton,7303.03,56.78,66.3,16.22
Sugarcane,2245.79,52.26,61.34,27.57
Jowar,2953.63,63.7,54.64,8.73
Maize,2826.52,39.37,83.98,31.65
Groundnut,6161.77,90.46,43.02,20.06
Rice,2428.03,88.97,46.18,16.61
Potato,2097.69,49.13,71.05,24.17
Groundnut,4598.12,20.58,80.87,29.68
Turmeric,8339.59,54.52,56.07,8.12
Cotton,7225.09,65.37,75.37,14.88
Sunflower,4904.9,74.82,67.78,10.25
Cotton,7446.44,51.85,50.27,15.48
Mustard,4267.25,94.29,73.53,35.07
Groundnut,7684.86,46.39,91.54,31.77
Mustard,5379.14,86.59,78.43,9.03
Rice,2195.39,52.26,58.53,14.64
Bajra,3645.1,74.54,40.2,38.04
Sunflower,4990.11,69.02,66.4,5.76
Jowar,3462.27,76.88,100.0,24.94
Sunflower,5688.21,56.73,79.7,17.66
Cotton,7813.18,91.48,66.57,34.87
Cotton,6483.5,53.28,78.58,10.79
Cotton,5559.38,77.19,71.68,18.48
Groundnut,4833.09,67.54,71.86,18.77
Mustard,5442.24,58.12,82.14,12.69
Soybean,3910.34,90.96,80.87,25.17
Jowar,2631.22,77.2,64.85,20.85
Mustard,4786.62,59.64,87.22,23.85
Bajra,2456.11,86.8,78.43,12.12
Wheat,2730.95,90.27,82.48,19.46
Bajra,1930.2,70.59,57.97,31.56
Sunflower,4465.65,60.61,55.53,18.48
Cotton,8295.34,74.61,88.41,28.37
Onion,1816.92,60.5,55.35,26.64
Cotton,5962.08,56.11,59.67,10.94
Jowar,2943.54,68.26,53.72,11.9
Sugarcane,3451.89,65.91,76.49,11.71
Cotton,6493.03,75.16,53.64,12.77
Soybean,5325.54,66.13,61.88,14.55
Groundnut,7481.15,84.37,56.13,38.24
Jowar,3001.73,49.56,56.6,2.76
Tomato,2313.37,46.5,94.81,14.02
Soybean,5002.4,46.01,98.52,14.77
Groundnut,7028.79,68.77,34.42,34.91
Cotton,6588.56,54.84,59.93,3.37
Wheat,2077.2,75.14,45.65,28.25
Soybean,6665.48,53.97,75.29,30.28
Turmeric,8692.23,61.32,53.06,8.34
Groundnut,5162.11,46.79,47.27,11.51
Potato,2208.05,51.03,65.23,27.43
Mustard,6263.96,70.86,72.96,13.03
Cotton,6488.48,66.96,79.43,5.79
Potato,1627.67,73.11,90.67,17.55
Sugarcane,4035.73,55.92,61.28,25.69
Potato,2230.01,81.41,65.38,33.2
Soybean,5260.32,57.45,64.21,13.45
Cotton,5399.0,70.35,65.0,20.42
Soybean,4066.37,82.87,66.95,25.35
Turmeric,10376.71,53.01,52.95,16.2
Sunflower,6979.18,89.05,93.78,26.16
Bajra,3370.03,68.3,87.59,29.52
Cotton,2925.0,57.69,58.99,24.26
Jowar,3000.29,76.27,46.93,15.51
Wheat,2870.34,53.45,82.04,28.26
Sugarcane,3291.04,89.34,35.99,17.55
Sugarcane,3458.75,94.92,78.78,18.92
Tomato,1843.16,63.7,62.38,17.12
Potato,1583.82,52.85,80.3,21.37
Rice,3070.11,70.25,69.54,23.62
Mustard,6202.44,71.61,36.75,26.07
Soybean,5045.24,78.09,91.43,10.59
Wheat,2968.04,80.04,86.64,25.28
Maize,1214.82,56.28,52.32,25.44
Turmeric,9465.42,76.94,61.35,15.13
Sunflower,6236.92,59.5,62.47,22.55
Potato,2035.71,52.82,71.83,19.77
Sunflower,5002.66,46.66,83.37,13.05
Rice,2255.03,81.62,61.98,22.76
Sugarcane,2991.8,88.23,99.33,11.81
Tomato,1816.35,76.02,99.27,26.59
Turmeric,7179.28,58.18,68.03,23.96
Rice,2527.1,65.7,74.49,5.35
Soybean,4380.37,88.59,48.75,24.13
Onion,2480.4,44.64,42.8,3.03
Rice,2122.35,68.07,55.02,22.8
Cotton,7229.39,65.12,50.05,20.12
Wheat,2619.77,76.4,30.3,24.75
Turmeric,9580.34,73.62,73.14,8.23
Cotton,6149.96,68.54,49.74,17.15
Maize,2520.41,88.55,58.18,28.38
Rice,2589.58,50.01,41.98,9.57
Turmeric,13375.4,70.52,64.09,26.4
Bajra,2482.61,67.41,76.63,9.22
Maize,1968.03,55.17,44.67,18.07
Wheat,2492.1,73.41,85.27,8.83
Bajra,2520.34,81.68,83.06,3.67
Turmeric,6730.91,57.22,85.3,32.45
Sugarcane,2419.26,84.82,36.95,36.83
Sunflower,5898.61,94.73,31.6,27.91
Sunflower,4069.52,79.93,80.73,23.53
Bajra,2279.42,70.71,65.47,16.37
Turmeric,12655.94,100.0,78.54,35.95
Tomato,2383.53,78.57,51.32,23.18
Cotton,6403.22,37.23,62.6,10.61
Groundnut,5542.22,67.96,65.03,6.51
Tomato,1962.26,63.38,78.04,17.15
Bajra,2265.83,44.5,59.38,19.43
Soybean,4234.28,74.49,55.82,23.12
Onion,3111.9,94.62,63.73,37.29
Turmeric,8246.3,72.82,84.82,14.06
Jowar,4038.0,71.08,35.75,37.21
Groundnut,6177.84,64.61,67.71,8.19
Jowar,3220.97,95.56,55.09,21.42
Groundnut,3167.44,87.85,73.16,32.03
Groundnut,5701.58,64.39,79.09,7.74
Tomato,2374.34,82.51,43.32,22.19
Tomato,2750.73,66.61,72.53,25.84
Rice,2660.7,52.8,60.44,9.94
Maize,2400.11,59.59,53.2,13.14
Maize,2581.81,64.82,46.32,28.77
Bajra,2885.59,46.79,70.13,19.59
Sunflower,4999.21,100.0,54.57,18.98
Maize,1485.71,54.93,46.76,28.98
Jowar,2856.25,94.94,62.11,19.26
Turmeric,8670.93,24.82,57.9,12.65
Onion,2641.43,64.47,51.33,14.39
Maize,1693.77,88.67,79.92,29.46
Onion,1969.84,81.82,67.73,30.54
Bajra,2621.63,77.93,64.42,9.24
Jowar,2529.34,69.12,49.31,28.12
Mustard,4081.74,93.36,71.7,35.43
Onion,2904.38,91.55,43.45,31.21
Wheat,2384.0,73.33,87.94,7.13
Soybean,4893.3,69.97,40.85,17.45
Mustard,7622.15,60.28,56.09,25.97
Tomato,2576.71,69.38,49.5,28.94
Sugarcane,3809.83,69.37,75.39,21.85
Wheat,2636.19,86.67,66.23,22.96
Turmeric,8783.45,90.88,70.03,15.1
Mustard,5646.11,100.0,74.03,16.34
Cotton,7482.04,92.56,76.76,25.26
Sunflower,5058.38,100.0,15.0,17.9
Bajra,2195.45,93.1,96.84,16.73
Cotton,7882.43,55.28,54.23,22.09
Tomato,2514.4,84.82,77.06,19.87
Potato,1510.53,67.07,64.06,18.96
Turmeric,6334.27,59.93,50.0,29.53
Onion,2200.01,70.44,69.2,12.95
Rice,3234.59,65.41,46.7,33.71
Groundnut,6450.96,84.81,69.99,21.66
Potato,1575.81,22.13,39.61,19.35
Soybean,5535.02,73.0,89.16,22.52
Bajra,3539.0,67.97,57.83,29.32
Maize,2635.0,84.8,76.47,25.83
Bajra,3466.17,76.16,100.0,31.0
Sunflower,5436.98,100.0,81.29,15.61
Sunflower,5957.52,83.38,70.74,22.41
Turmeric,10438.81,83.03,76.59,21.06
Jowar,2590.43,96.64,60.21,28.79
Tomato,1984.33,66.44,56.96,16.21
Jowar,2410.83,90.86,74.17,29.41
Maize,1974.4,74.63,87.42,15.61
Cotton,5348.1,85.97,58.84,32.7
Tomato,2085.57,67.94,53.73,13.84
Onion,2302.35,93.8,98.51,10.17
Turmeric,6454.19,87.81,59.57,37.51
Tomato,1768.06,37.08,71.62,28.39
Mustard,5267.62,91.22,49.26,20.96
Soybean,5504.81,61.53,67.39,18.48
Jowar,3417.27,68.43,74.22,17.19
Sugarcane,3223.8,100.0,71.08,15.86
Turmeric,10412.63,73.72,75.81,18.18
Cotton,6459.58,69.6,100.0,10.21
Mustard,6775.21,71.98,52.1,32.81
Maize,1855.01,81.94,78.1,19.19
Cotton,6723.37,89.66,82.49,8.3
Sugarcane,3008.27,100.0,55.79,20.6
Rice,2645.22,54.55,87.67,16.42
Rice,2866.08,88.11,74.39,24.44
Rice,2783.33,66.67,76.24,14.96
Cotton,6041.5,66.24,69.54,9.01
Sugarcane,3177.52,58.61,84.44,9.49
Rice,1544.25,76.84,86.53,27.05
Turmeric,10255.64,81.09,53.83,29.41
Wheat,2736.81,70.61,60.3,20.19
Mustard,4902.84,66.18,60.44,17.1
Bajra,2016.61,15.0,67.65,31.97
Turmeric,13289.57,51.11,82.18,32.97
Tomato,2321.95,50.45,93.86,14.26
Onion,2354.49,82.84,100.0,12.21
Cotton,6662.21,67.76,100.0,12.42
Bajra,3349.22,100.0,98.89,23.7
Mustard,6923.01,55.2,59.95,25.41
Maize,2548.51,64.92,100.0,24.72
Jowar,3198.37,64.17,54.43,12.87
Bajra,2633.36,75.66,53.52,15.14
Potato,2107.22,72.73,84.31,21.55
Tomato,2934.45,58.42,66.16,26.31
Bajra,1820.6,70.01,51.41,34.78
Sunflower,5180.03,100.0,78.02,13.93
Groundnut,7445.52,47.9,62.97,29.7
Rice,2649.07,60.03,60.06,6.05
Rice,2539.17,80.38,60.68,13.52
Wheat,1884.22,79.62,63.67,32.33
Groundnut,6054.84,42.54,81.82,14.78
Bajra,2705.91,68.53,100.0,14.13
Turmeric,12154.63,89.81,20.42,37.85
Wheat,3090.62,95.23,46.38,36.98
Tomato,2002.4,87.44,91.67,12.1
Tomato,1941.65,65.7,50.31,21.27
Soybean,4320.23,61.96,90.48,18.91
Potato,1789.83,60.79,71.97,4.68
Tomato,1881.51,92.66,60.73,28.19
Jowar,3167.01,51.73,31.07,18.0
Jowar,3699.38,51.86,72.0,30.0
Sunflower,4711.57,73.45,45.1,24.67
Onion,2224.64,97.52,52.98,24.79
Sugarcane,3748.09,82.22,92.49,20.67
Soybean,5935.49,67.45,62.78,25.47
Jowar,2894.38,91.4,60.46,18.72
Soybean,4695.81,76.79,44.8,16.73
Mustard,5217.76,77.13,56.68,20.46
Cotton,7596.85,61.84,62.85,18.04
Groundnut,4835.06,81.44,85.33,18.08
Onion,2989.48,62.75,77.07,25.33
Tomato,2392.81,84.0,65.93,20.73
Sugarcane,3451.12,53.93,71.99,15.87
Onion,2518.76,86.39,51.31,15.07
Tomato,2573.73,79.08,100.0,24.82
Wheat,2302.16,59.28,91.81,13.76
Turmeric,9590.37,56.08,92.61,17.11
Bajra,2576.56,75.69,71.83,4.05
Jowar,3522.14,73.96,59.43,26.39
Mustard,5305.29,76.44,76.74,6.33
Sugarcane,2703.66,49.85,81.41,25.86
Groundnut,6182.74,73.67,100.0,15.91
Onion,2807.19,49.88,83.12,22.47
Bajra,3207.79,100.0,40.96,36.56
Cotton,7344.63,49.66,83.95,23.28
Soybean,4255.28,81.79,87.49,13.31
Turmeric,10419.19,64.85,60.88,18.92
Bajra,2620.46,78.71,59.38,13.68
Potato,1400.28,55.27,76.47,30.44
Sunflower,6245.49,54.42,53.47,20.65
Tomato,1577.09,39.96,79.31,31.61
Cotton,3951.49,59.2,59.06,23.63
Onion,2325.53,84.88,67.79,18.68
Sunflower,6300.95,63.75,74.99,25.71
Soybean,5020.09,100.0,69.32,20.0
Potato,2185.29,75.76,55.17,34.83
Potato,1608.36,61.02,75.24,16.15
Bajra,2202.11,69.4,69.58,16.09
Tomato,2535.46,57.08,74.87,22.0
Onion,2245.81,48.78,61.74,16.48
Jowar,3963.66,52.67,94.23,32.82
Rice,3210.65,50.78,74.0,31.08
Groundnut,5504.8,63.17,71.99,9.65
Wheat,1589.93,41.23,92.27,33.23
Maize,2272.07,46.51,90.78,13.0
Sunflower,4336.09,61.89,58.33,19.46
Potato,2355.18,96.87,58.05,38.0
Mustard,5096.72,45.46,72.65,18.31
Onion,2557.64,60.15,58.94,4.36
Groundnut,4114.2,70.43,41.06,37.97
Onion,2911.99,100.0,52.62,30.65
Potato,2108.64,57.72,82.52,27.22
Sugarcane,4017.07,79.6,50.22,37.13
Sunflower,4556.64,75.61,52.3,26.85
Soybean,4632.72,70.11,46.1,17.71
Cotton,7234.3,60.75,77.03,18.35
Onion,1991.58,81.33,57.83,34.58
Maize,2106.83,27.07,32.72,8.03
Jowar,2822.49,73.57,54.9,18.57
Soybean,4757.81,88.56,69.26,13.6
Potato,1259.64,46.59,75.06,31.82
Turmeric,8489.76,84.87,55.54,20.91
Groundnut,4955.04,64.56,58.1,19.6
Groundnut,6148.66,74.85,74.39,6.63
Groundnut,3858.51,72.1,67.76,25.34
Sugarcane,3245.26,71.86,79.48,5.43
Cotton,4632.8,84.89,73.97,29.45
Onion,2428.61,68.82,100.0,11.77
Potato,1909.88,61.03,55.47,9.75
Jowar,2413.22,43.9,53.87,24.26
Jowar,3140.87,55.19,93.4,15.32
Rice,2808.82,100.0,69.56,26.9
Potato,1687.0,67.5,74.88,10.48
Rice,2654.63,60.75,58.52,7.99
Wheat,2913.08,48.03,85.47,31.85
Cotton,6745.08,48.44,59.44,8.55
Onion,2275.02,98.95,59.89,24.21
Mustard,4544.77,80.33,49.37,33.27
Potato,1143.89,53.84,89.1,32.78
Soybean,6119.17,43.42,90.18,32.66
Turmeric,9879.44,64.48,76.04,14.67
Rice,1856.44,97.07,90.89,28.08
Sugarcane,3726.33,85.44,65.62,29.38
Soybean,3925.08,100.0,67.85,32.68
Tomato,2419.63,49.61,54.46,11.65
Maize,1877.65,53.68,71.17,22.54
Rice,2653.79,85.01,52.32,21.19
Maize,2139.02,66.52,68.61,3.67
Maize,2228.57,51.53,57.26,4.69
Jowar,2436.82,74.86,86.98,24.05
Groundnut,6700.72,51.66,87.2,25.92
Bajra,2553.12,82.16,78.6,4.73
Potato,2253.15,84.13,49.82,37.02
Cotton,5150.41,54.67,75.38,28.99
Jowar,2578.58,72.98,59.41,22.55
Rice,4233.73,96.93,60.37,37.23
Sugarcane,3455.17,98.7,76.99,21.12
Cotton,7480.18,79.69,63.79,24.47
Onion,2463.94,60.18,62.82,3.54
Tomato,2746.05,59.67,70.57,27.99
Maize,2172.9,96.32,27.39,15.73
Groundnut,6356.34,36.28,61.61,18.53
Tomato,2025.09,48.9,88.84,17.53
Turmeric,7379.77,77.4,73.69,20.94
Sugarcane,2750.61,71.28,74.37,16.65
Maize,2068.78,75.38,82.37,9.42
Soybean,4614.64,68.51,72.75,6.71
Groundnut,5912.5,50.39,91.37,11.31
Rice,2096.24,52.39,77.59,25.87
Jowar,2673.45,72.46,100.0,21.1
Sunflower,4923.43,50.73,93.07,15.29
Bajra,2694.57,67.71,86.26,10.24
Groundnut,5405.86,54.78,60.25,8.73
Maize,2114.26,50.22,83.79,13.53
Turmeric,7486.91,86.08,57.65,31.9
Onion,2464.42,45.69,66.92,10.34
Turmeric,9275.12,51.68,79.51,13.03
Turmeric,8682.0,79.77,84.34,6.94
Tomato,2554.6,87.55,74.14,24.09
Potato,2110.62,71.05,45.01,32.8
Sunflower,4461.27,63.49,97.64,23.78
Bajra,2078.08,52.27,48.25,22.65
Maize,2137.82,59.05,75.78,9.02
Onion,2296.63,91.46,55.29,23.2
Groundnut,4747.2,71.86,91.5,26.75
Cotton,5788.23,61.35,72.44,15.26
Rice,2653.52,66.06,58.25,10.93
Turmeric,10126.37,80.53,48.0,26.41
Onion,2750.19,100.0,86.23,19.86
Onion,2502.31,81.06,58.91,13.18
Mustard,4368.49,83.69,59.35,36.94
Turmeric,9670.07,73.57,73.41,9.19
Maize,2394.61,69.96,49.94,21.81
Jowar,3234.4,42.4,46.15,10.71
Jowar,3327.67,98.56,62.4,26.0
Soybean,7151.73,15.0,81.04,33.13
Sunflower,5371.51,75.91,27.1,17.45
Onion,3392.47,74.37,100.0,32.75
Rice,2091.39,91.23,71.48,29.17
Rice,2723.52,41.3,86.89,17.69
Soybean,3913.57,84.23,86.7,20.08
Cotton,5338.35,88.52,82.66,21.42
Potato,1985.79,79.29,65.42,19.93
Onion,2209.34,24.63,70.19,21.35
Bajra,2691.34,67.11,74.17,6.59
Rice,1729.09,69.29,69.65,24.2
Onion,2705.92,100.0,68.48,23.51
Jowar,2358.27,66.9,78.28,26.05
Maize,1721.16,58.25,80.06,29.75
Sunflower,7760.86,89.03,72.0,34.39
Turmeric,9594.81,55.37,56.78,7.91
Sugarcane,2862.16,72.54,87.62,17.35
Cotton,7743.31,42.82,78.11,28.64
Onion,2343.02,63.18,76.64,11.69
Maize,2229.04,47.44,63.08,7.72
Soybean,3801.69,56.49,76.93,29.26
Tomato,3327.42,63.92,84.12,30.12
Mustard,4550.29,80.56,46.2,33.07
Sunflower,5590.74,55.79,31.1,21.8
Onion,1709.9,84.7,60.48,37.46
Tomato,2647.99,56.21,85.34,29.53
Tomato,2118.91,70.25,58.29,11.31
Turmeric,7723.83,98.18,87.38,22.1
Turmeric,8548.56,71.32,63.05,9.92
Sunflower,4579.28,74.71,59.1,21.08
Onion,2964.65,84.58,71.14,27.86
Potato,2093.14,55.19,61.38,18.73
Wheat,1968.3,26.1,56.26,28.46
Sugarcane,2875.17,60.09,76.47,16.63
Cotton,6921.39,89.08,53.71,21.45
Turmeric,8353.09,69.16,33.95,21.81
Cotton,6541.61,75.21,72.25,3.27
Jowar,3028.09,77.21,63.86,9.29
Jowar,2745.74,72.81,63.32,15.16
Wheat,3096.48,85.88,66.37,35.33
Groundnut,7610.34,72.06,86.14,28.14
Turmeric,8372.92,54.64,68.11,12.06
Maize,2440.7,75.13,52.92,23.64
Onion,2602.29,64.93,68.04,5.29
Mustard,4475.29,89.47,50.84,34.39
Cotton,7364.84,86.66,78.26,18.25
Tomato,2724.8,50.95,89.0,33.12
Mustard,5174.91,86.04,55.42,21.59
Turmeric,4243.35,60.28,84.08,31.76
Sugarcane,3145.59,78.93,55.6,16.21
Onion,1918.46,93.5,57.12,37.7
Maize,2612.22,97.92,32.02,33.85
Soybean,5121.97,66.72,88.19,15.79
Onion,2932.61,70.38,77.84,21.71
Sunflower,4392.88,92.61,69.45,29.55
Cotton,4263.76,75.54,55.91,35.24
Potato,1840.54,58.86,86.83,12.39
Wheat,1587.04,80.52,66.08,31.62
Onion,1635.54,66.36,81.18,27.88
Jowar,3830.53,57.92,73.05,28.19
Groundnut,7252.68,77.53,48.52,37.49
Maize,2055.19,27.69,84.64,15.5
Potato,1654.24,66.24,54.35,15.82
Sugarcane,2413.29,61.76,68.99,26.31
Tomato,1996.29,69.36,100.0,18.26
Potato,1975.23,80.35,53.41,23.61
Soybean,4737.05,71.67,91.3,9.97
Sugarcane,2967.83,77.56,60.32,19.32
Soybean,4229.04,100.0,86.12,21.3
Rice,1939.42,76.01,57.72,34.45
Cotton,6334.41,100.0,57.91,16.63
Wheat,2653.45,75.88,69.75,14.81
Soybean,3648.16,35.22,80.52,31.86
Cotton,6522.68,52.09,63.26,5.9
Wheat,2144.06,52.34,83.17,20.0
Potato,2286.88,91.47,87.98,25.96
Soybean,6432.34,92.37,49.04,36.5
Mustard,3920.48,82.72,70.1,30.93
Maize,1709.12,95.82,93.65,24.73
Rice,2530.85,40.09,100.0,11.36
Rice,2380.9,43.39,41.49,6.85
Potato,1719.91,15.0,80.98,14.18
Sunflower,6642.8,68.54,91.77,30.79
Jowar,2374.84,84.14,42.96,36.32
Groundnut,5006.77,72.23,82.12,17.3
Sunflower,5279.88,80.07,50.99,16.56
Turmeric,8974.16,65.29,69.62,2.11
Groundnut,6818.11,82.66,51.44,32.13
Turmeric,7477.83,54.02,56.65,18.24
Soybean,4922.73,72.71,31.08,17.7
Wheat,2418.84,87.77,70.69,11.55
Maize,1997.01,75.35,79.87,11.8
Onion,2262.25,59.14,67.57,13.13
Turmeric,8237.0,69.92,83.76,13.87
Soybean,3138.73,76.18,56.16,35.49
Mustard,6439.8,79.06,52.39,29.38
Soybean,4471.65,76.89,73.37,9.13
Cotton,6032.14,69.26,65.43,10.38
Rice,2610.23,58.75,67.3,7.55
Sunflower,7123.3,97.12,78.48,33.61
Groundnut,4644.57,71.15,72.24,22.02
Wheat,2310.09,82.35,77.16,7.35
Onion,1606.06,82.79,42.64,37.82
Sugarcane,3328.04,100.0,70.32,18.77
Sunflower,6843.97,82.06,100.0,29.23
Turmeric,8275.5,45.56,70.35,17.99
Maize,1842.49,66.4,83.45,22.75
Sunflower,2974.59,49.68,79.36,31.48
Mustard,5169.82,37.32,61.93,16.76
Cotton,8125.16,55.37,60.26,24.86
Turmeric,9562.73,80.75,48.19,21.36
Potato,1442.1,78.79,65.78,27.54
Wheat,2131.02,64.24,64.61,13.15
Maize,2750.35,47.15,65.13,29.13
Jowar,1931.02,52.69,53.4,23.66
Mustard,5857.4,52.78,100.0,13.53
Wheat,1988.16,73.84,94.13,24.97
Bajra,1433.56,100.0,47.94,36.57
Tomato,3001.52,57.28,71.48,27.86
Tomato,1873.95,90.29,72.83,24.99
Sunflower,5482.48,83.28,91.07,9.97
Potato,1912.84,60.38,47.37,14.23
Sugarcane,3458.9,46.32,56.01,12.87
Mustard,4026.17,38.17,82.67,32.47
Wheat,2515.4,96.71,59.11,18.81
Cotton,5461.82,66.65,86.67,23.78
Turmeric,10862.15,67.69,100.0,29.9
Maize,1587.07,44.67,100.0,31.98
Groundnut,6215.13,98.61,50.59,22.63
Tomato,2310.27,70.08,88.06,11.71
Turmeric,8446.74,82.9,60.86,19.32
Rice,2951.59,83.64,76.02,23.71
Turmeric,9046.74,90.56,81.4,5.93
Tomato,2111.93,59.21,70.4,8.73
Soybean,4034.52,74.12,99.66,25.7
Mustard,5697.82,67.28,47.0,14.04
Onion,2703.4,87.12,70.17,19.36
Sugarcane,3867.63,67.99,89.64,28.75
Cotton,5802.2,97.52,47.64,24.98
Maize,2470.6,66.81,87.29,20.44
Tomato,1936.45,69.95,72.67,13.75
Bajra,2558.55,72.94,93.36,9.96
Turmeric,8367.71,91.27,63.78,22.03
Soybean,6613.89,87.2,92.85,26.16
Turmeric,9130.22,81.87,100.0,8.1
Sunflower,4598.01,100.0,54.41,26.4
Groundnut,3954.15,54.46,39.32,31.87
Groundnut,5691.41,48.0,85.12,11.22
Potato,1723.4,65.69,100.0,14.37
Potato,2234.89,48.71,92.8,32.54
Onion,1741.04,87.33,60.64,36.84
Sugarcane,3275.49,60.05,57.18,4.56
Rice,3109.24,82.27,79.94,24.9
Wheat,2642.32,81.71,81.2,11.91
Tomato,2165.79,64.93,57.92,6.59
Sunflower,5237.25,53.24,74.02,8.75
Cotton,6501.89,88.61,92.03,2.03
Maize,1891.87,75.09,46.21,28.38
Mustard,4320.98,83.59,98.83,28.94
Soybean,6216.32,50.6,24.84,37.75
Sugarcane,2810.05,55.76,80.67,22.08
Soybean,5204.08,61.13,55.59,13.32
Cotton,6235.98,66.93,54.69,12.62
Potato,1758.49,100.0,92.81,6.98
Rice,3165.05,41.08,61.19,31.05
Bajra,2239.05,72.4,79.53,18.22
Jowar,3326.12,83.08,42.93,24.99
Onion,2711.99,85.32,67.11,19.96
Onion,2586.86,66.7,77.21,8.61
Mustard,4548.38,64.96,63.66,20.82
Potato,2087.98,55.24,81.63,26.58
Bajra,2081.22,87.57,52.9,34.62
Wheat,1711.09,42.95,80.35,32.55
Tomato,2285.36,73.77,77.12,5.11
Maize,2097.46,69.42,61.29,10.47
Potato,1543.31,91.51,54.9,28.39
Cotton,5788.63,62.62,46.26,21.13
Turmeric,7840.36,96.57,73.21,27.54
Cotton,5536.46,52.38,100.0,23.72
Onion,2610.15,86.33,42.85,19.05
Groundnut,4495.45,69.46,77.21,25.41
Sugarcane,3385.24,45.94,56.89,11.5
Wheat,2781.5,56.16,49.79,20.0
Turmeric,8350.6,71.94,39.27,21.65
Rice,3088.21,49.67,85.7,32.78
Tomato,2258.69,83.92,47.6,16.48
Groundnut,5376.02,74.28,61.29,16.38
Jowar,2885.13,59.21,86.58,13.35
Cotton,7106.05,62.15,58.09,12.36
Onion,3068.82,59.73,68.07,26.37
Mustard,3815.06,53.04,67.31,29.42
Soybean,3935.46,72.07,84.04,23.7
Potato,2360.45,68.9,32.19,37.06
Sugarcane,2791.6,74.06,62.21,20.22
Soybean,6065.94,45.71,34.53,29.6
Potato,1726.06,49.39,58.5,9.19
Maize,2319.54,76.08,75.84,6.11
Sunflower,6049.45,94.71,70.09,31.68
Wheat,1483.36,77.03,78.68,23.99
Wheat,1858.15,17.07,60.13,31.52
Soybean,4249.21,96.96,39.29,25.47
Sugarcane,2622.72,47.14,76.4,26.88
Jowar,1807.92,79.15,81.77,25.21
Tomato,2185.05,74.29,64.2,7.54
Wheat,1941.05,55.2,60.95,22.5
Sunflower,5634.55,71.21,80.09,11.78
Maize,2468.78,50.57,39.11,19.61
Potato,1704.5,100.0,83.58,16.1
Potato,1419.59,74.71,85.85,26.65
Onion,2310.2,37.11,85.36,18.03
Sunflower,6132.21,58.96,73.0,23.78
Maize,2543.41,79.55,60.52,27.75
Soybean,4749.17,62.21,63.89,3.12
Wheat,2692.84,99.91,36.16,26.39
Mustard,5789.6,82.32,73.01,10.0
Sugarcane,2844.24,43.37,83.52,20.34
Tomato,2215.64,86.08,66.7,12.14
Sunflower,4968.15,99.43,65.43,19.15
Maize,2302.01,80.47,82.65,6.95
Soybean,5407.82,86.45,92.94,14.9
Turmeric,9662.07,56.7,72.51,13.85
Potato,2284.06,100.0,100.0,24.27
Jowar,2299.53,45.41,98.44,32.68
Rice,2178.54,62.59,90.11,22.49
Soybean,4750.7,17.02,84.96,10.7
Jowar,2728.6,37.39,65.79,17.87
Turmeric,8197.05,96.38,89.93,13.58
Sugarcane,3439.87,67.15,63.29,11.05
Mustard,5715.83,63.27,66.53,4.86
Soybean,4559.49,100.0,77.36,18.5
Bajra,1187.32,47.13,73.33,32.67
Tomato,2573.63,55.46,60.3,19.61
Rice,2626.45,82.8,65.34,15.56
Sugarcane,2487.24,81.53,68.33,30.98
Bajra,1170.0,45.82,95.11,31.54
Jowar,4137.75,65.33,77.27,27.5
Onion,2655.29,78.13,90.93,11.4
Bajra,3149.79,54.67,88.15,30.17
Jowar,4024.32,84.1,52.22,38.17
Jowar,3636.17,79.43,100.0,30.1
Potato,1221.65,63.29,83.16,30.66
Bajra,2425.87,100.0,56.7,21.65
Onion,2266.62,68.95,63.67,13.31
Onion,3144.29,74.39,93.63,30.58
Mustard,6216.18,68.09,75.66,15.06
Sugarcane,3144.34,74.04,100.0,11.09
Soybean,3552.45,100.0,72.36,37.08
Onion,2347.08,81.32,91.04,9.89
Mustard,5470.92,88.12,46.81,17.74
Potato,2020.42,64.22,83.4,20.04
Maize,2825.46,69.61,73.51,25.28
Mustard,6748.98,83.19,80.15,22.28
Tomato,2253.42,52.47,70.12,9.15
Jowar,2781.03,84.72,65.66,19.8
Sunflower,6590.16,88.79,54.85,36.79
Tomato,2557.65,50.59,52.06,18.39
Sugarcane,2521.45,72.0,44.7,34.84
Potato,1639.46,58.37,60.03,10.66
Bajra,2648.06,89.81,66.53,16.84
Bajra,2964.47,77.42,97.09,20.79
Mustard,5498.33,51.94,70.88,10.32
Sugarcane,3678.19,89.48,58.66,30.2
Jowar,2170.01,99.52,81.03,34.64
Jowar,3382.15,96.41,92.26,16.35
Potato,1314.56,69.8,85.8,29.04
Jowar,2543.87,67.23,81.78,21.38
Turmeric,7958.79,88.34,61.95,26.0
Jowar,2852.51,50.2,81.26,15.6
Cotton,5476.91,60.87,64.13,18.34
Onion,2172.64,70.84,55.38,23.86
Onion,2359.54,58.52,52.17,11.15
Tomato,2171.36,67.01,55.3,9.09
Cotton,6432.85,60.82,68.14,5.56
Cotton,7320.75,58.14,87.14,21.53
Rice,2386.34,57.17,63.48,7.24
Groundnut,6360.43,72.08,83.75,13.89
Jowar,3148.21,87.92,25.53,20.45
Groundnut,5393.46,32.7,70.18,15.73
Sugarcane,2260.39,69.42,59.0,30.15
Turmeric,8616.82,68.41,100.0,14.92
Mustard,6120.03,34.56,99.13,18.98
Groundnut,7483.95,100.0,93.69,26.61
Soybean,7045.38,100.0,92.15,28.34
Sunflower,5305.43,88.31,78.15,9.51
Rice,2286.27,21.46,81.74,17.3
Cotton,7649.74,63.75,58.69,22.37
Maize,2406.22,58.22,90.47,18.13
Mustard,6035.16,50.89,83.73,17.66
Turmeric,6909.93,100.0,53.58,37.63
Sugarcane,2683.53,69.36,46.98,30.79
Jowar,2090.64,72.89,53.84,34.96
Rice,2301.98,22.28,61.58,17.18
Wheat,2364.1,63.57,77.0,7.95
Turmeric,9500.05,51.57,71.41,14.1
Maize,2341.63,85.7,91.37,8.51
Turmeric,7730.18,79.88,55.49,28.18
Sugarcane,3491.44,32.64,100.0,19.12
Tomato,1701.21,64.58,62.29,25.36
Mustard,5498.59,55.46,51.94,5.16
Onion,2361.06,81.86,85.05,8.31
Groundnut,6383.28,76.93,82.05,13.49
Groundnut,6189.25,87.87,68.07,18.91
Tomato,2897.21,65.49,55.62,28.99
Maize,2454.35,53.14,68.33,16.78
Groundnut,6838.17,67.26,79.86,23.38
Bajra,2321.78,72.32,80.95,13.73
Potato,1701.81,75.52,93.55,12.92
Soybean,4325.53,88.49,86.3,12.74
Sunflower,5321.16,97.15,62.8,16.47
Wheat,2409.21,78.78,61.15,11.16
Maize,1630.39,70.16,63.54,28.3
Mustard,6195.18,63.49,72.37,14.44
Wheat,1995.89,70.4,86.59,23.53
Bajra,2278.12,61.54,47.81,21.57
Jowar,3308.97,58.66,54.65,14.43
Soybean,4061.2,95.69,48.86,30.17
Mustard,5056.42,52.22,71.98,17.76
Groundnut,4050.69,73.87,77.81,25.58
Rice,2588.59,69.0,66.15,6.0
Maize,2750.54,31.77,56.64,31.36
Maize,1791.71,57.33,46.85,25.82
Jowar,3369.04,71.72,71.92,13.52
Rice,2699.72,73.57,79.78,11.41
Bajra,2752.33,68.67,92.56,14.54
Groundnut,6487.61,76.49,85.62,15.26
Sugarcane,4139.95,50.91,43.42,27.97
Bajra,2430.18,66.64,87.3,13.86
Onion,2139.82,59.31,41.75,26.42
Tomato,1845.0,80.2,75.52,19.88
Sunflower,5120.47,76.75,71.34,4.96
Sunflower,4685.81,62.8,81.74,18.16
Cotton,8630.04,72.08,29.51,38.15
Sugarcane,3244.44,61.93,56.56,5.84
Jowar,2167.99,56.99,95.85,32.91
Maize,1669.57,71.96,83.08,27.49
Wheat,2296.78,87.38,89.31,5.91
Sugarcane,3148.6,96.95,82.09,11.92
Groundnut,7272.76,47.01,75.84,32.33
Wheat,2667.47,69.52,53.41,21.0
Soybean,3215.68,71.43,76.22,25.9
Cotton,7340.55,83.39,34.59,27.89
Jowar,2186.26,63.4,71.19,26.16
Groundnut,7134.69,76.99,49.9,37.58
Rice,2845.35,67.44,61.38,17.67
Soybean,3785.77,72.5,81.49,24.86
Tomato,2294.96,52.3,100.0,13.23
Turmeric,9981.96,62.73,40.67,23.53
Turmeric,9947.81,33.83,68.5,20.7
Potato,1561.01,95.88,74.8,26.39
Cotton,6324.36,36.76,90.25,13.0
Cotton,7183.65,88.72,100.0,14.93
Groundnut,6059.85,84.1,100.0,11.39
Groundnut,6959.79,72.67,25.42,34.16
Maize,2244.93,64.33,76.17,7.03
Groundnut,4785.06,60.15,61.39,19.01
Wheat,2521.03,78.32,75.69,6.65
Soybean,3576.34,66.59,84.34,28.85
Sugarcane,2477.16,76.66,66.01,29.94
Turmeric,9733.48,85.54,84.49,10.43
Jowar,2729.36,98.93,80.6,20.97
Maize,2594.41,64.73,81.68,25.23
Cotton,8519.69,56.77,48.57,29.03
Maize,2598.62,73.61,49.24,32.39
Turmeric,10220.4,78.01,78.21,15.03
Wheat,3044.84,89.01,38.03,36.8
Sugarcane,2455.15,75.81,93.86,29.08
Turmeric,10227.53,56.06,70.71,20.14
Potato,1509.8,70.13,66.35,18.78
Groundnut,5883.08,47.48,79.28,10.52
Bajra,3264.12,82.75,32.89,37.85
Wheat,2352.65,55.45,67.58,7.85
Groundnut,7194.34,71.14,72.1,24.11
Mustard,3271.55,100.0,53.44,37.0
Maize,1550.01,69.97,77.29,25.45
Soybean,5922.47,54.0,62.22,26.83
Onion,2682.94,64.59,34.53,21.15
Groundnut,6559.17,100.0,76.95,26.37
Groundnut,6631.38,64.57,35.6,27.95
Mustard,5296.07,65.41,55.83,11.63
Tomato,1528.2,61.21,90.15,31.36
Sugarcane,2122.99,60.4,56.74,25.06
Jowar,2669.22,68.32,100.0,21.49
Sugarcane,2634.19,100.0,35.98,31.96
Mustard,7531.79,64.14,61.39,24.96
Tomato,2149.51,63.88,84.94,10.89
Wheat,2595.42,72.74,82.41,12.78
Jowar,2487.0,60.65,94.68,26.44
Groundnut,5491.96,62.25,74.57,9.98
Tomato,2553.56,69.34,73.07,18.41
Tomato,2249.28,83.43,56.93,17.68
Sunflower,3953.13,46.95,58.71,27.08
Tomato,2038.82,53.51,72.51,15.18
Soybean,4297.1,54.44,77.62,18.5
Maize,2579.18,58.8,89.33,26.9
Wheat,2719.17,69.65,76.61,16.58
Wheat,2009.6,44.01,100.0,26.51
Sunflower,6279.37,100.0,62.09,34.85
Cotton,6168.63,88.84,81.87,9.97
Rice,2271.88,70.47,72.26,10.46
Wheat,2477.58,84.72,76.12,10.02
Onion,2395.33,74.61,51.42,18.95
Wheat,2481.9,68.14,88.38,11.91
Wheat,1968.7,76.79,61.38,26.92
Maize,2030.99,58.67,70.69,13.25
Rice,2617.47,66.57,72.64,8.29
Tomato,1817.41,63.26,38.95,31.62
Jowar,3025.35,55.15,100.0,10.38
Onion,2226.2,84.22,44.41,24.7
Soybean,2954.67,64.81,70.42,24.92
Cotton,8107.48,81.86,63.85,34.51
Jowar,2507.74,49.84,33.67,25.92
Onion,3129.59,79.38,72.35,28.59
Onion,2611.28,71.53,51.8,16.33
Jowar,2617.12,99.07,69.65,26.62
Cotton,5533.45,55.98,53.4,18.05
Sugarcane,3610.3,80.87,61.52,24.28
Potato,2176.97,56.15,73.25,28.09
Wheat,2410.46,57.5,100.0,10.1
Rice,2505.85,74.24,61.86,8.92
Groundnut,4015.57,77.34,63.31,32.0
Onion,2650.43,60.87,69.56,10.31
Jowar,2699.07,58.75,56.41,12.41
Bajra,2731.46,97.03,58.71,19.8
Mustard,5938.84,100.0,92.93,10.95
Wheat,1890.65,60.09,60.11,22.87
Jowar,3093.92,83.57,60.51,17.11
Wheat,2577.04,48.59,50.47,9.55
Tomato,2094.44,51.31,52.42,5.54
Bajra,3215.8,55.86,64.52,26.68
Jowar,3816.52,79.97,59.98,34.3
Soybean,4125.96,46.17,48.62,16.47
Bajra,2638.78,83.24,59.71,15.99
Mustard,5729.13,60.24,71.55,7.53
Turmeric,8484.55,57.03,47.73,11.72
Sunflower,4098.61,90.5,70.23,33.48
Soybean,3641.82,81.59,62.15,35.86
Onion,2586.87,100.0,92.19,8.49
Groundnut,6058.15,44.32,54.74,8.54
Sunflower,6912.47,81.03,42.91,36.82
Rice,2263.41,80.99,41.73,24.24
Sugarcane,3334.8,90.76,42.41,18.02
Maize,2028.81,52.82,80.61,17.75
Rice,2511.03,82.74,83.66,1.54
Jowar,3528.12,57.7,92.24,26.59
Turmeric,7170.23,83.64,65.24,31.28
Potato,1572.53,17.9,62.43,22.18
Tomato,2499.61,57.33,75.24,20.15
Mustard,3978.2,52.24,78.53,31.47
Sugarcane,2309.66,55.09,70.04,29.4
Onion,3001.41,64.82,49.73,30.17
Soybean,4807.65,93.11,64.41,15.91
Tomato,2152.27,50.16,68.87,10.34
Cotton,6229.38,52.12,100.0,13.65
Soybean,3919.7,97.51,52.24,32.14
Potato,2111.88,49.06,87.68,26.53
Potato,2024.11,60.53,73.07,17.49
Tomato,2095.91,93.14,84.37,10.68
Soybean,4988.11,89.01,49.98,18.19
Mustard,4682.3,66.87,45.62,29.38
Mustard,6605.33,88.46,72.23,28.75
Sugarcane,4057.73,73.82,41.82,37.32
Sunflower,5316.88,62.54,73.61,6.45
Sunflower,6398.41,57.43,81.18,31.57
Cotton,5115.82,60.94,89.58,31.05
Groundnut,4142.98,100.0,78.8,35.78
Potato,1126.56,95.74,56.5,37.09
Jowar,3500.02,94.47,75.08,29.81
Mustard,5788.11,49.48,62.37,8.28
Mustard,5296.33,84.04,57.74,19.53
Cotton,8169.95,51.53,86.18,33.14
Sugarcane,2792.83,91.25,59.99,26.77
Soybean,5210.62,87.0,75.89,16.04
Groundnut,6122.64,60.08,91.82,15.52
Sunflower,4839.12,49.89,70.0,15.76
Tomato,2505.52,60.11,67.65,18.06
Cotton,6684.96,69.12,84.46,8.72
Jowar,2312.99,78.52,67.24,29.79
Sugarcane,4210.84,62.59,75.75,29.02
Turmeric,10875.02,100.0,43.77,35.01
Wheat,1818.54,49.5,95.99,32.94
Rice,1880.05,77.44,82.57,24.32
Maize,1859.14,78.85,63.56,25.01
Soybean,5219.35,66.9,81.26,14.41
Sugarcane,3178.36,100.0,97.5,3.86
Wheat,2901.93,74.39,64.45,26.89
Turmeric,10367.0,28.3,45.56,21.66
Maize,1447.73,58.55,82.39,31.56
Rice,3021.37,85.68,73.54,28.11
Turmeric,8597.07,50.02,74.45,13.52
Turmeric,10074.05,95.91,61.68,25.83
Potato,1762.03,37.83,58.94,11.39
Jowar,4059.52,70.66,55.64,32.12
Wheat,3194.1,82.93,49.64,36.59
Sugarcane,3692.8,58.71,67.66,20.06
Cotton,7415.68,100.0,34.77,28.17
Bajra,3172.27,69.24,67.83,23.23
Potato,2181.53,40.42,42.58,23.41
Wheat,2892.43,73.48,78.5,23.79
Tomato,2560.55,58.4,100.0,26.21
Potato,1285.32,90.13,88.62,25.01
Tomato,1579.16,73.81,63.16,28.83
Jowar,2292.61,85.61,67.01,34.58
Mustard,5966.58,67.91,74.28,8.91
Mustard,5824.65,83.51,93.37,8.0
Tomato,2719.39,100.0,54.66,37.27
Bajra,2515.93,79.72,63.26,13.19
Maize,2445.14,65.98,81.25,18.01
Groundnut,4729.14,98.57,66.39,32.71
Potato,1824.66,83.87,80.21,4.13
Wheat,2117.44,70.38,100.0,20.75
Tomato,2030.99,46.91,49.59,9.72
Sugarcane,3309.14,74.8,87.22,7.85
Mustard,5597.51,69.4,67.59,3.02
Wheat,2832.45,40.42,100.0,26.81
Tomato,2566.13,64.33,59.47,21.34
Onion,2613.22,88.11,86.14,7.23
Soybean,5949.49,100.0,100.0,24.29
Turmeric,11446.66,84.29,85.24,23.28
Bajra,2514.81,37.67,83.09,13.66
Sunflower,6161.45,75.5,60.43,28.5
Soybean,5659.12,43.74,100.0,26.84
Potato,1922.59,81.81,78.41,9.61
Maize,2715.83,54.38,66.33,27.49
Cotton,9294.4,100.0,79.08,35.27
Turmeric,8770.63,28.61,100.0,11.86
Sugarcane,2789.79,96.4,77.71,25.17
Wheat,1965.17,74.73,78.99,20.15
Cotton,6809.19,59.36,76.89,12.25
Bajra,3168.59,59.14,65.16,24.13
Groundnut,4967.47,70.04,78.51,17.52
Maize,2102.45,100.0,100.0,5.64
Groundnut,5269.97,95.04,86.92,15.35
Soybean,4940.66,56.81,68.83,7.23
Soybean,4568.33,35.69,72.65,15.1
Maize,1788.96,56.21,83.34,27.68
Maize,2411.55,47.98,54.53,12.29
Sugarcane,2985.54,76.05,99.58,15.2
Mustard,6000.58,67.9,33.82,20.91
Soybean,5579.56,74.23,83.63,20.39
Potato,1757.52,50.8,65.48,7.63
Onion,3044.09,68.87,55.38,29.77
Potato,2222.46,51.74,56.44,24.46
Mustard,5312.56,66.66,44.28,18.43
Sugarcane,3146.21,72.82,69.87,4.19
Wheat,2766.09,51.96,65.41,19.89
Soybean,4549.06,74.73,77.39,6.57
Onion,2101.25,64.55,58.15,20.23
Jowar,3172.76,41.68,93.29,15.48
Tomato,2038.03,86.89,47.46,22.55
Cotton,5975.2,60.68,30.25,23.48
Tomato,2070.19,89.25,66.48,19.49
Jowar,2968.18,76.35,75.22,2.45
Sunflower,4395.57,70.49,46.88,30.37
Sugarcane,4165.6,59.71,80.72,30.23
Maize,1828.06,100.0,62.55,31.59
Mustard,6193.74,58.53,72.52,16.14
Cotton,5642.43,62.08,69.64,17.51
Tomato,2896.28,77.68,74.92,26.09
Tomato,1922.38,62.24,71.77,16.83
Mustard,5624.98,87.56,69.84,11.45
Maize,2579.69,30.04,71.85,26.73
Potato,1585.43,47.39,55.68,16.65
Sugarcane,3644.63,49.95,62.53,18.88
Sugarcane,3610.52,52.48,32.6,25.81
Cotton,7263.2,48.78,97.28,20.88
Jowar,3078.96,58.56,100.0,11.4
Wheat,2241.44,79.29,53.36,20.42
Bajra,2228.81,67.95,66.63,15.05
Mustard,7530.22,77.29,45.56,37.54
Maize,1868.56,72.6,100.0,23.75
Potato,1534.94,33.97,52.17,22.28
Tomato,2914.56,50.87,88.96,31.5
Groundnut,5487.12,66.1,55.09,13.51
Sunflower,4037.1,69.19,73.8,25.09
Onion,2497.02,76.36,48.5,15.24
Turmeric,10387.8,70.31,59.86,22.39
Cotton,7885.58,59.39,81.28,29.28
Wheat,3166.93,97.2,97.35,24.41
Onion,2649.85,76.45,73.96,9.26
Mustard,4572.68,48.74,60.3,23.04
Sugarcane,3441.7,60.36,35.66,22.56
Bajra,2334.27,86.32,36.59,25.77
Sugarcane,2897.09,52.44,64.65,14.77
Sugarcane,3600.44,70.84,84.1,18.31
Cotton,5825.59,72.45,78.11,13.09
Wheat,2247.43,64.53,57.12,11.65
Sugarcane,3473.7,80.49,50.28,22.43
Sugarcane,3463.9,74.99,58.3,19.52
Mustard,6887.2,38.97,61.62,31.19
Mustard,4826.31,68.4,65.31,17.29
Soybean,4029.71,70.36,30.35,31.16
Mustard,5406.18,85.01,49.71,19.02
Bajra,1784.71,84.86,64.46,35.43
Rice,2939.0,48.44,81.39,27.73
Jowar,3579.48,95.32,59.38,33.57
Turmeric,8505.93,60.5,48.78,13.08
Maize,2406.49,54.45,38.61,20.1
Sunflower,4330.7,88.09,84.34,19.53
Mustard,6628.54,87.95,68.7,30.67
Jowar,1687.73,64.5,61.1,26.07
Bajra,2586.91,56.63,70.33,6.23
Mustard,5749.74,100.0,82.38,13.09
Mustard,4176.12,88.77,73.16,33.1
Sugarcane,3834.07,67.47,68.87,21.25
Onion,2221.89,100.0,45.13,26.01
Mustard,6727.11,70.87,92.87,28.69
Turmeric,10170.44,67.53,70.59,15.52
Turmeric,9950.15,95.78,57.78,24.35
Tomato,2617.46,64.27,60.61,21.34
Groundnut,6145.43,67.88,48.95,18.16
Tomato,1974.65,49.39,44.71,14.69
Jowar,3472.36,82.93,100.0,22.95
Jowar,2706.94,87.89,89.36,10.85
Sugarcane,2975.4,74.12,75.6,7.93
Sugarcane,3506.44,60.56,64.7,11.58
Rice,2467.23,54.7,85.79,11.82
Sunflower,5047.51,41.41,61.22,11.31
Mustard,6130.5,79.91,59.34,22.94
Soybean,4549.46,55.69,59.3,8.26
Soybean,4732.76,52.23,49.56,4.6
Sunflower,5132.33,67.26,75.87,5.3
Mustard,5494.51,83.41,78.76,5.93
Soybean,2160.0,77.76,88.12,26.77
Sunflower,5172.38,97.37,88.52,6.52
Cotton,5951.86,44.84,100.0,18.93
Onion,2191.94,79.59,53.81,26.43
Turmeric,9426.49,50.34,74.94,13.59
Rice,2528.93,52.19,70.68,9.19
Sugarcane,3740.24,78.24,57.6,29.15
Groundnut,4690.19,43.19,59.5,26.0
Maize,2520.47,95.19,75.36,27.06
Turmeric,10565.37,63.6,83.78,24.83
Potato,2161.3,72.73,91.1,28.08
Cotton,5484.13,83.44,61.14,28.49
Soybean,3310.41,83.01,79.49,25.48
Wheat,2786.66,69.99,92.95,24.99
Sugarcane,2900.83,59.45,68.91,13.57
Jowar,3659.19,71.36,58.16,30.93
Sunflower,4036.21,54.55,56.77,24.54
Turmeric,7142.21,70.91,66.36,23.2
Maize,1960.46,52.39,84.36,20.0
Groundnut,6139.07,61.28,70.62,11.0
Bajra,2353.33,77.31,56.77,23.17
Turmeric,8133.54,100.0,78.47,22.97
Sugarcane,3875.51,75.62,75.73,22.37
Tomato,1745.31,82.57,67.75,30.67
Soybean,6176.32,57.31,74.54,30.11
Sunflower,6422.99,100.0,100.0,23.93
Mustard,5188.4,81.91,93.26,11.42
Rice,2866.08,77.18,78.92,16.42
Groundnut,4233.16,64.57,79.02,28.48
Soybean,5426.47,84.27,84.37,14.02
Sunflower,4641.56,35.23,42.2,14.23
Turmeric,7926.72,94.67,43.18,26.93
Groundnut,4999.81,74.09,100.0,24.12
Cotton,5014.1,74.91,51.18,36.06
Sugarcane,2678.94,76.72,52.88,30.79
Soybean,5053.46,99.96,91.22,10.65
Bajra,2266.23,87.92,81.94,16.26
Bajra,2736.5,71.75,71.54,5.86
Tomato,2125.61,51.69,53.24,4.72
Maize,2674.92,27.19,100.0,31.7
Turmeric,8987.16,37.65,95.74,10.42
Sunflower,6217.3,96.04,79.07,31.22
Sunflower,5830.65,54.95,53.8,14.48
Potato,1979.78,76.55,54.39,22.66
Groundnut,6359.99,68.63,64.52,12.2
Sugarcane,3534.0,63.58,76.83,16.45
Potato,2124.88,79.25,100.0,26.47
Onion,2499.29,77.09,96.2,6.98
Cotton,3428.96,52.62,66.83,28.92
Sunflower,4710.37,75.22,81.38,12.01
Maize,2498.96,82.37,33.55,28.75
Wheat,2390.77,69.01,51.47,11.9
Jowar,3721.16,100.0,60.68,37.26
Jowar,2760.66,48.17,40.55,12.75
Mustard,5415.53,70.01,61.9,9.28
Sunflower,5851.63,59.4,75.56,18.14
Jowar,2509.64,79.1,78.19,18.59
Rice,3189.73,72.2,100.0,31.55
Soybean,4623.44,92.75,77.4,13.85
Sugarcane,2535.68,75.8,70.23,24.73
Tomato,2091.03,100.0,93.69,9.69
Bajra,3347.92,63.34,84.79,31.38
Mustard,5150.76,85.39,80.75,10.89
Jowar,3159.21,93.36,52.58,19.82
Soybean,5317.93,61.63,69.84,15.02
Maize,1832.06,87.95,100.0,21.73
Sugarcane,3519.14,68.49,64.5,13.91
Groundnut,7112.95,41.02,100.0,31.29
Rice,2530.39,65.52,100.0,11.13
Soybean,5736.22,60.32,50.18,27.1
Maize,2063.74,76.11,69.43,10.63
Sunflower,4650.64,61.18,60.91,10.99
Turmeric,6269.5,86.2,92.71,25.72
Groundnut,5589.72,100.0,69.41,18.03
Potato,1887.5,100.0,84.76,14.11
Tomato,1740.15,71.8,58.49,29.67
Groundnut,5621.29,90.69,48.53,18.14
Soybean,5268.46,54.68,64.09,13.63
Wheat,2526.82,81.81,72.88,12.22
Sugarcane,3394.7,89.03,73.99,15.08
Rice,2647.94,50.53,63.53,10.88
Cotton,3785.23,79.89,52.36,36.82
Sunflower,5612.55,73.37,58.11,18.74
Rice,3213.71,60.56,64.21,25.74
Groundnut,5321.62,64.16,81.6,15.72
Wheat,2601.5,69.66,90.11,15.86
Rice,2929.3,75.04,100.0,26.65
Groundnut,6838.96,79.76,54.55,32.94
Turmeric,11680.56,58.39,72.0,28.69
Bajra,2348.11,90.93,41.73,24.18
Groundnut,5058.74,81.07,75.49,17.35
Cotton,6979.27,69.28,81.48,13.31
Rice,3464.77,51.78,61.3,26.76
Sunflower,5444.78,83.53,87.96,8.07
Wheat,1979.0,80.86,46.2,31.82
Potato,1730.32,88.08,69.43,15.75
Soybean,4561.58,99.09,79.17,18.65
Mustard,3943.22,92.43,57.4,36.88
Soybean,6443.81,89.04,98.25,26.24
Wheat,2079.25,54.97,100.0,23.85
Mustard,7062.32,84.02,77.84,27.97
Soybean,4020.68,63.01,91.49,25.88
Jowar,2733.84,71.38,81.37,13.34
Mustard,5800.61,80.97,87.77,7.39
Turmeric,8045.53,71.13,64.66,15.39
Sunflower,5853.7,77.96,74.43,16.41
Potato,1901.25,78.21,40.33,20.88
Jowar,3408.81,98.71,73.01,28.63
Jowar,3083.83,71.3,71.66,4.12
Bajra,2644.93,89.88,63.71,17.42
Potato,2575.1,70.57,76.3,24.61
Wheat,2402.77,87.62,65.61,13.97
Groundnut,3789.71,69.06,72.52,24.96
Mustard,4483.12,87.68,64.91,33.05
Onion,2696.18,57.09,97.59,18.09
Mustard,6417.03,60.15,70.5,18.73
Mustard,5909.48,74.03,74.99,6.66
Mustard,6284.63,60.95,63.58,14.64
Mustard,5077.05,86.95,87.84,10.11
Wheat,2056.12,70.34,73.8,17.06
Sunflower,6565.77,45.11,78.92,31.94
Onion,3617.69,37.61,75.92,31.42
Jowar,2821.91,49.98,84.23,14.71
Maize,1846.14,83.81,64.44,28.2
Turmeric,9683.87,43.38,28.9,16.09
Onion,1496.44,67.7,100.0,33.0
Bajra,1797.34,88.13,42.82,37.19
Bajra,3065.6,61.73,79.4,25.75
Soybean,3678.44,56.29,90.93,31.39
Sunflower,5359.13,95.79,81.05,12.22
Maize,3120.58,88.87,100.0,28.02
Wheat,2085.5,56.59,71.25,18.3
Maize,2486.94,64.95,52.03,22.23
Soybean,4412.33,66.03,82.49,14.46
Jowar,3056.07,38.41,46.22,6.41
Turmeric,5303.71,94.88,70.68,36.1
Soybean,5467.74,58.46,95.47,24.33
Wheat,2361.83,55.05,76.01,10.55
Wheat,2844.94,79.1,66.86,26.55
Wheat,2255.38,89.08,74.06,15.0
Turmeric,7756.9,75.15,91.94,19.92
Bajra,3036.6,73.39,69.93,20.31
Onion,2257.12,60.9,90.9,19.8
Tomato,2525.57,100.0,72.35,29.44
Soybean,4990.63,99.34,81.33,16.37
Soybean,5831.26,87.97,66.43,35.71
Onion,2930.45,88.02,49.55,30.98
Wheat,2211.48,71.54,69.29,9.82
Onion,2988.66,97.83,35.47,34.74
Sunflower,4467.24,72.97,93.11,21.04
Cotton,9242.08,49.59,55.5,24.59
Maize,1736.89,60.89,94.6,30.58
Wheat,1707.95,90.52,74.6,32.67
Sunflower,5300.29,74.43,63.55,9.76
Maize,2583.63,66.13,66.3,17.46
Rice,2152.15,100.0,85.36,23.6
Potato,1589.93,61.77,86.97,22.13
Sunflower,5151.61,59.05,64.59,4.38
Rice,3014.27,71.79,61.96,26.58
Rice,2582.5,65.54,68.23,4.39
Rice,2152.23,71.97,58.27,22.15
Soybean,4661.28,62.83,81.04,10.83
Onion,2910.88,51.9,29.1,29.83
Maize,2729.32,75.3,40.71,38.03
Bajra,2340.45,45.89,89.11,18.87
Turmeric,9707.97,100.0,23.79,23.17
Potato,1699.61,80.49,100.0,13.3
Sugarcane,3714.34,92.31,100.0,19.66
Potato,2311.47,45.71,86.57,32.39
Groundnut,5286.83,73.33,74.42,9.92
Mustard,6309.44,91.57,87.94,15.45
Onion,1973.03,70.53,83.49,25.88
Sunflower,4301.02,90.38,70.84,29.31
Rice,2127.75,82.61,64.15,26.36
Cotton,5782.1,32.21,57.41,21.57
Jowar,2792.95,42.11,70.6,16.25
Tomato,2382.33,74.85,80.54,10.78
Groundnut,7902.15,92.18,54.77,37.56
Potato,2159.24,51.63,50.68,20.32
Potato,1707.11,92.4,100.0,9.24
Soybean,5183.74,55.89,91.86,16.76
Sunflower,5156.79,54.29,75.94,8.74
Groundnut,6532.92,56.04,98.2,21.8
Jowar,3306.3,62.82,84.12,19.37
Soybean,5529.61,67.53,69.41,16.82
Tomato,3031.3,45.63,67.91,31.42
Wheat,2388.59,61.64,76.03,5.61
Cotton,7782.4,93.19,56.12,34.63
Potato,2199.45,68.49,64.67,25.14
Jowar,3057.51,63.73,95.92,11.5
Mustard,5259.5,64.58,59.99,10.21
Groundnut,3953.77,70.12,57.88,30.69
Potato,1980.06,55.82,71.59,15.61
Cotton,5721.46,66.69,69.47,13.92
Cotton,5837.32,77.01,80.96,11.97
Potato,1810.11,65.51,33.64,15.5
Wheat,2530.37,69.47,54.47,15.79
Maize,2008.23,75.04,62.28,16.97
Jowar,3293.4,68.15,59.69,16.61
Rice,2319.45,57.34,100.0,16.64
Onion,1883.38,55.77,42.29,31.49
Rice,2597.41,97.53,39.97,19.29
Tomato,1995.37,50.61,64.61,15.65
Rice,1905.79,66.35,57.55,27.83
Potato,1760.76,82.37,85.86,4.96
Bajra,2225.46,67.24,80.54,20.35
Turmeric,7433.89,43.4,63.58,24.76
Jowar,3158.3,76.64,91.32,11.37
Wheat,3200.97,61.5,50.2,31.16
Potato,1366.08,79.36,95.06,29.82
Jowar,2704.86,52.42,85.42,19.96
Soybean,4194.09,76.46,100.0,21.27
Rice,2911.93,58.36,80.51,25.92
Jowar,2176.17,81.67,96.91,28.42
Jowar,3260.01,63.76,53.44,16.2
Sugarcane,2468.87,68.35,44.98,37.62
Sugarcane,2789.76,32.44,78.08,23.39
Sunflower,5480.96,46.69,66.03,13.48
Turmeric,10432.05,67.87,63.53,18.95
Sunflower,4796.58,64.96,94.47,18.26
Bajra,2700.59,80.4,53.49,18.6
Turmeric,10786.99,55.11,41.2,29.69
Groundnut,5832.43,80.3,74.07,5.3
Sunflower,5166.94,64.94,100.0,11.01
Potato,1848.82,86.17,57.69,18.24
Sugarcane,3280.85,23.14,73.16,11.88
Bajra,2321.4,70.17,100.0,19.74
Rice,2541.29,100.0,69.7,15.79
Bajra,2598.03,81.55,73.91,5.15
Soybean,4087.5,84.19,48.98,29.41
Turmeric,9609.65,56.65,76.17,14.54
Potato,1611.76,98.55,57.04,24.85
Potato,2092.41,80.85,78.7,17.68
Wheat,1922.34,76.26,57.46,30.86
Onion,1977.85,72.11,73.53,21.43
Jowar,2234.47,67.48,61.44,27.21
Wheat,2701.08,88.94,76.96,19.9
Soybean,5500.06,50.78,57.64,17.59
Sunflower,5726.12,72.65,70.74,11.73
Turmeric,7949.39,66.08,54.67,20.09
Tomato,2924.87,26.28,77.71,33.07
Onion,2961.71,70.3,76.38,20.53
Onion,2334.79,67.86,54.55,15.06
Tomato,2269.51,78.86,98.23,10.16
Soybean,6068.22,38.17,27.62,30.62
Wheat,2621.88,74.57,79.01,11.26
Rice,1905.9,74.89,59.18,31.89
Mustard,6993.48,85.64,52.45,36.61
Mustard,6052.56,83.09,47.09,23.68
Soybean,4609.11,100.0,87.3,12.37
Rice,2427.42,58.29,73.44,8.7
Groundnut,6872.35,41.83,74.2,27.89
Potato,1563.96,64.11,75.34,18.23
Tomato,1855.12,63.36,94.67,25.83
Soybean,6113.24,71.42,88.13,29.9
Sunflower,4476.93,55.45,98.04,23.6
Jowar,2671.94,78.67,100.0,18.9
Maize,2344.37,44.37,70.25,16.63
Cotton,5671.74,83.87,87.47,13.97
Maize,2112.17,56.31,98.9,13.86
Jowar,3167.16,100.0,79.18,19.58
Potato,1762.17,50.52,62.25,6.52
Sunflower,7046.28,62.87,91.97,32.05
Mustard,3458.56,78.7,46.59,37.25
Cotton,3936.23,65.41,70.77,25.43
Onion,2381.28,56.29,59.09,7.56
Maize,2011.28,59.06,60.51,11.0
Mustard,4593.19,100.0,67.2,32.6
Onion,2674.72,96.09,72.7,21.73
Rice,2018.1,81.39,52.59,33.45
Maize,1667.3,97.65,69.51,37.06
Soybean,5184.35,46.06,85.93,18.25
Maize,2167.43,53.61,75.06,10.26
Wheat,2283.99,61.54,80.78,13.03
Groundnut,7259.35,59.66,81.71,31.64
Potato,1860.43,92.53,64.3,17.36
Wheat,2539.57,81.87,84.61,7.37
Onion,3166.45,97.86,42.23,36.82
Wheat,1702.26,90.23,63.52,36.82
Sunflower,6589.43,51.2,26.83,37.55
Tomato,1613.97,54.2,92.77,32.61
Rice,2465.3,75.88,85.13,4.89
Soybean,4475.65,64.37,58.71,11.35
Mustard,7689.84,99.24,35.89,37.92
Potato,1868.13,86.7,70.11,15.2
Groundnut,4927.35,80.92,65.99,24.82
Mustard,4918.71,62.8,40.67,26.37
Soybean,3890.6,54.97,73.04,25.77
Soybean,4237.83,100.0,74.44,25.99
Bajra,2565.09,67.74,100.0,11.15
Soybean,5570.57,26.87,100.0,25.75
Sugarcane,2100.21,66.44,87.29,29.93
Cotton,6189.24,58.56,60.04,5.7
Maize,2225.54,75.83,52.63,15.19
Jowar,3189.59,47.08,72.44,16.46
Groundnut,5377.56,90.17,67.98,20.57
Mustard,4659.51,58.75,45.23,25.59
Sunflower,4904.26,24.1,67.05,14.85
Wheat,2797.07,69.78,88.55,24.08
Soybean,4593.72,94.74,71.85,18.52
Groundnut,6084.63,100.0,71.14,19.77
Sunflower,3808.02,83.36,93.69,26.61
Tomato,2332.75,78.85,76.93,8.58
Cotton,8130.02,74.32,81.05,25.07
Wheat,1778.66,74.99,91.05,28.43
Potato,2026.44,66.67,82.51,19.54
Sunflower,4412.78,63.73,45.86,27.09
Sunflower,4901.36,72.45,43.17,19.91
Potato,1479.03,88.18,64.0,32.63
Cotton,6354.89,53.47,51.15,3.67
Bajra,2239.8,81.17,57.58,28.76
Onion,2732.97,67.56,79.35,14.3
Soybean,4898.47,80.87,96.19,8.19
Groundnut,4919.6,87.78,74.93,22.83
Sunflower,5295.1,66.75,74.05,5.42
Soybean,5634.04,95.4,58.54,32.54
Wheat,2051.86,78.33,65.26,24.04
Mustard,5497.93,54.69,60.78,5.15
Sunflower,5148.76,65.55,72.53,4.38
Cotton,7121.3,61.6,67.64,11.81
Bajra,1208.49,93.93,71.23,36.5
Mustard,5684.65,95.4,74.42,14.0
Wheat,2336.24,68.09,63.57,6.68
Rice,1869.17,80.27,57.4,37.26
Potato,1199.84,49.04,38.76,29.46
Sunflower,3529.29,79.36,77.93,25.33
Jowar,2672.24,27.95,72.41,21.47
Sugarcane,2019.23,49.46,84.91,32.26
Cotton,5229.23,66.2,78.44,25.26
Cotton,6746.4,65.07,90.14,13.73
Soybean,7141.73,53.65,81.49,33.14
Tomato,2467.37,61.09,73.14,17.11
Cotton,8012.51,79.73,35.71,37.49
Maize,1845.44,89.18,63.39,30.2
Maize,2506.2,58.66,80.76,22.53
Jowar,2702.18,64.01,90.7,19.17
Mustard,5464.31,44.35,90.78,12.44
Potato,1493.48,100.0,61.89,32.28
Rice,3057.02,70.54,94.55,30.76
Bajra,2324.77,87.57,68.74,22.56
Soybean,3642.13,66.63,68.13,23.06
Sugarcane,3459.55,79.0,80.55,8.71
Jowar,3402.76,66.65,89.24,22.76
Mustard,6079.05,81.25,99.93,16.52
Sugarcane,1741.43,79.25,58.73,35.75
Cotton,7096.88,86.0,67.69,20.46
Sunflower,5394.54,53.17,70.86,10.11
Potato,1985.2,89.88,100.0,15.11
Soybean,4541.22,65.82,58.58,11.47
Sugarcane,3718.63,45.71,61.21,22.72
Wheat,1724.98,66.49,49.9,34.05
Cotton,7516.46,100.0,56.67,29.53
Sugarcane,3811.35,75.54,74.38,21.24
Maize,1691.38,34.64,59.35,31.91
Tomato,2185.78,35.87,72.53,9.63
Wheat,2373.79,66.56,81.15,8.05
Groundnut,4020.2,67.74,37.92,36.96
Wheat,1609.17,74.15,77.01,24.26
Soybean,3997.41,71.83,56.78,27.38
Bajra,2709.95,39.9,54.6,11.1
Maize,2109.28,60.22,38.69,18.4
Jowar,3798.4,73.55,61.48,30.68
Sunflower,4358.65,91.33,92.66,16.93
Bajra,3005.14,58.39,91.29,25.78
Sunflower,5889.11,63.9,100.0,23.56
Tomato,2891.81,59.3,66.63,25.85
Groundnut,4779.03,39.62,58.07,23.92
Sugarcane,3199.82,70.71,74.17,1.77
Onion,3668.85,58.22,91.95,32.58
Mustard,7205.85,89.05,78.66,30.14
Turmeric,9672.8,82.49,86.63,9.91
Maize,3300.87,86.1,82.36,26.62
Onion,3035.83,83.18,70.79,30.36
Rice,2240.39,40.1,52.57,16.29
Groundnut,4284.92,72.3,86.59,27.86
Maize,1990.54,68.54,63.43,14.35
Bajra,2594.21,69.14,97.86,9.72
Mustard,6995.39,59.33,36.51,37.1
Sunflower,4903.66,86.99,30.46,19.9
Sugarcane,4180.65,68.54,72.84,24.89
Wheat,2546.23,45.77,82.28,16.27
Sunflower,4814.22,96.85,66.18,21.15
Rice,2935.89,96.64,79.13,29.45
Sunflower,5151.4,83.04,70.29,9.11
Mustard,5672.2,95.88,72.47,14.53
Sunflower,3862.21,70.78,80.03,27.7
Maize,1844.38,77.87,58.68,28.12
Jowar,1926.85,98.07,84.15,31.04
Sunflower,6246.1,40.26,81.4,30.47
Bajra,2952.16,69.85,44.24,27.18
Tomato,2292.38,82.87,72.61,11.9
Turmeric,9779.46,79.08,42.14,22.74
Onion,2368.37,81.73,59.79,19.84
Bajra,2478.9,67.11,80.16,9.78
Jowar,2913.96,70.44,43.32,17.81
Groundnut,5002.94,64.73,72.16,16.93
Turmeric,10491.04,44.72,70.36,26.67
Maize,2193.44,38.48,93.4,10.07
Sugarcane,2672.23,68.84,61.97,20.53
Bajra,2701.35,79.18,75.92,6.01
Maize,1877.5,43.08,68.97,24.02
Groundnut,6200.33,79.03,78.11,7.52
Onion,2687.44,72.95,67.06,12.01
Tomato,2160.49,66.94,55.96,8.89
Sunflower,4104.26,91.63,67.35,35.48
Rice,2583.9,71.32,43.64,18.86
Turmeric,9156.22,54.96,100.0,10.97
Tomato,1998.95,76.14,48.99,24.54
Sugarcane,2635.68,69.6,71.52,18.75
Bajra,2615.1,79.4,89.79,5.55
Maize,2493.76,58.02,53.14,17.13
Tomato,1886.58,98.64,48.73,28.43
Rice,2130.69,64.13,82.76,21.27
Onion,2315.08,54.78,100.0,17.45
Mustard,5022.72,100.0,82.3,21.99
Mustard,5517.75,80.71,61.14,13.01
Onion,2547.95,46.22,82.48,11.74
Onion,2684.73,70.3,50.48,19.84
Turmeric,7575.99,87.23,78.05,23.0
Rice,1938.5,71.92,49.85,35.0
Soybean,4946.66,80.45,47.44,18.75
Maize,2127.32,53.85,100.0,13.57
Jowar,2412.76,75.58,63.83,26.79
Mustard,4508.9,55.1,67.72,25.21
Bajra,3035.49,94.58,60.2,31.38
Turmeric,8759.78,85.97,99.93,8.92
Bajra,2357.51,76.53,58.66,19.92
Turmeric,9163.3,83.28,90.31,4.94
Potato,2013.54,71.19,48.57,25.71
Cotton,7255.34,62.54,63.81,13.17
Rice,2448.46,70.51,74.03,4.15
Sunflower,6064.01,38.65,36.49,17.86
Tomato,1949.47,59.4,96.6,21.57
Sugarcane,3646.99,73.49,71.56,15.9
Bajra,2561.38,52.13,79.24,10.93
Bajra,2735.41,65.92,68.74,7.08
Potato,2045.12,73.68,77.44,15.08
Tomato,2602.45,77.12,68.11,24.27
Potato,1682.84,74.73,64.77,13.61
Tomato,2091.5,75.35,95.68,13.11
Jowar,3380.78,65.8,88.81,22.26
Sunflower,4906.14,69.07,82.08,11.23
Cotton,7068.84,88.53,77.37,16.06
Wheat,2295.78,99.57,55.14,19.3
Groundnut,5537.83,94.02,58.37,18.6
Rice,2577.12,69.41,82.15,8.95
Wheat,2230.76,71.6,55.85,16.73
Tomato,2070.08,35.6,100.0,15.85
Tomato,2350.98,85.68,51.09,21.08
Wheat,2993.95,67.4,73.18,24.82
Rice,2889.59,42.94,69.31,25.65
Bajra,2970.25,69.31,100.0,24.21
Cotton,5681.59,50.75,70.66,20.17
Sunflower,4322.96,71.85,63.71,23.45
Mustard,5687.48,70.52,70.36,2.43
Wheat,2672.51,58.82,58.89,12.32
Cotton,7355.22,63.36,58.4,17.23
Rice,2473.21,60.16,18.73,15.01
Sunflower,5367.28,47.14,100.0,12.49
Jowar,3414.45,49.65,70.61,22.61
Potato,1714.83,47.78,49.1,5.84
Maize,2377.6,44.75,38.42,12.73
Jowar,3858.54,95.73,86.47,29.63
Maize,1773.75,48.8,87.32,28.85
Cotton,6432.85,45.98,30.38,11.91
Sugarcane,3382.85,100.0,61.86,19.59
Maize,2024.47,72.65,80.66,10.93
Groundnut,7066.56,61.01,46.32,32.12
Bajra,2211.88,63.63,97.17,25.25
Onion,3292.68,60.81,72.52,27.68
Soybean,5659.07,99.75,82.17,29.81
Sunflower,5134.05,79.72,79.12,2.84
Rice,2130.0,36.86,64.64,24.85
Turmeric,10030.7,85.55,87.08,12.97
Maize,2634.5,61.31,55.49,23.64
Groundnut,6822.35,57.08,59.8,20.38
Potato,1609.26,37.45,80.26,20.19
Mustard,3771.18,62.93,45.44,34.43
Wheat,2588.59,91.4,43.06,21.7
Sunflower,4693.85,36.21,74.51,19.62
Mustard,5814.02,60.87,75.35,9.71
Groundnut,7180.9,76.66,52.41,37.14
Cotton,6457.49,60.14,82.9,9.04
Sunflower,5170.66,74.85,67.04,6.4
Onion,2770.71,100.0,86.4,20.58
Potato,2017.13,27.79,65.92,22.35
Potato,2194.35,75.22,54.57,35.34
Mustard,6393.15,46.71,73.95,23.61
Wheat,3363.92,100.0,97.58,24.53
Maize,2127.12,62.92,79.02,8.94
Potato,2095.72,63.44,77.65,22.89
Bajra,2924.22,68.14,64.59,14.53
Groundnut,6157.28,63.15,56.89,10.84
Turmeric,11082.93,56.58,100.0,31.81
Onion,2721.35,75.68,85.54,13.04
Tomato,2708.42,68.54,78.87,27.05
Sunflower,6775.18,100.0,39.72,37.28
Mustard,4381.98,66.91,90.77,30.54
Rice,2680.77,68.27,40.38,22.66
Cotton,6137.71,60.79,81.6,14.69
Soybean,5325.27,69.56,67.89,13.7
Potato,2298.44,84.86,60.31,37.66
Turmeric,8430.84,81.21,63.35,17.55
Mustard,6521.14,57.35,69.94,21.89
Tomato,3117.97,48.34,70.75,31.65
Rice,1866.64,56.4,44.08,31.24
Jowar,3354.3,82.38,60.85,25.25
Mustard,5430.82,87.65,74.59,11.13
Sunflower,4717.55,80.44,52.96,23.19
Mustard,4140.06,100.0,91.25,27.78
Groundnut,5316.9,75.11,76.46,9.6
Bajra,2419.12,82.23,100.0,13.81
Turmeric,9064.58,55.98,95.83,10.88
Potato,1559.35,68.29,72.42,16.12
Cotton,6204.27,67.29,82.45,11.67
Wheat,2453.22,65.79,85.45,10.63
Bajra,2273.83,49.64,68.23,19.82
Potato,1496.57,100.0,98.39,17.76
Soybean,5153.97,51.09,92.8,16.51
Wheat,1999.38,65.98,100.0,25.33
Tomato,2453.21,97.22,54.2,25.7
Groundnut,6725.59,78.98,84.73,17.94
Groundnut,4685.6,89.29,74.03,28.61
Turmeric,6497.71,100.0,57.71,36.88
Mustard,4496.26,52.24,59.12,23.46
Onion,2747.35,81.24,44.57,25.4
Potato,1489.38,43.2,100.0,27.46
Soybean,3714.33,100.0,75.0,38.14
Jowar,2872.1,75.52,62.27,13.59
Onion,2546.82,90.03,63.38,15.76
Groundnut,7059.62,88.28,50.67,36.34
Sunflower,5269.64,66.22,63.43,4.77
Cotton,6009.26,71.12,70.68,8.55
Sunflower,5757.22,60.19,70.35,14.41
Turmeric,8172.01,67.87,80.46,15.43
Potato,2277.8,64.12,93.16,32.86
Rice,2635.7,83.6,75.02,11.43
Maize,2476.73,53.34,36.05,23.25
Cotton,8080.5,73.24,63.88,29.36
Groundnut,6561.32,91.43,60.3,28.69
Sunflower,3328.01,72.43,76.74,24.21
Cotton,5122.95,94.81,100.0,23.67
Groundnut,7075.56,72.99,79.89,25.08
Bajra,2502.56,89.35,77.69,12.0
Mustard,5848.09,100.0,54.34,18.61
Potato,1432.13,81.64,65.57,31.46
Sugarcane,2780.52,68.45,63.83,16.31
Sunflower,5537.08,73.92,77.83,8.55
Onion,2973.99,70.67,56.41,27.46
Potato,2083.42,82.12,60.86,29.48
Rice,2360.85,51.37,78.49,15.3
Potato,1945.93,73.65,69.5,11.87
Sunflower,4826.92,89.54,40.36,22.64
Bajra,2204.68,45.42,19.6,30.47
Tomato,1562.72,85.09,69.87,32.73
Mustard,6432.9,78.1,80.91,16.83
Maize,1765.53,71.05,38.0,35.01
Potato,1475.18,73.84,82.5,22.31
Bajra,1885.15,100.0,39.88,37.8
Soybean,4967.1,70.97,65.21,7.17
Rice,2795.45,62.42,78.06,17.6
Turmeric,8717.53,26.26,82.13,13.62
Groundnut,3912.14,64.39,73.45,25.68
Groundnut,6993.88,62.84,100.0,29.95
Turmeric,11493.76,57.97,67.51,27.53
Tomato,2239.98,70.61,89.38,9.45
Turmeric,11902.69,75.29,74.34,24.08
Groundnut,4290.88,56.49,64.97,25.8
Mustard,5420.36,70.91,91.68,10.88
Wheat,1973.54,65.55,96.2,26.45
Bajra,2922.32,57.07,46.15,20.33
Potato,1374.92,49.51,66.38,29.95
Sugarcane,4536.34,68.09,51.28,32.67
Onion,2592.44,54.98,51.25,7.51
Cotton,7678.37,45.15,56.57,23.77
Mustard,3912.03,85.45,100.0,28.3
Rice,2483.88,42.73,45.17,2.42
Maize,2533.64,50.22,64.9,21.42
Onion,2429.89,65.74,83.61,9.96
Turmeric,10352.68,51.93,83.71,24.01
Maize,2315.32,41.77,45.45,8.23
Wheat,2110.29,76.55,85.38,16.84
Turmeric,7928.06,67.98,84.83,18.77
Sugarcane,2033.13,58.58,44.51,32.25
Groundnut,5045.01,42.14,58.67,19.04
Sugarcane,3684.26,63.11,100.0,23.95
Turmeric,9223.92,66.08,80.19,8.18
Groundnut,4758.86,50.82,77.81,27.96
Sugarcane,3003.64,75.92,90.3,12.93
Cotton,7895.94,99.44,70.42,36.49
Turmeric,8580.28,89.49,85.83,8.42
Potato,1978.85,69.9,95.97,20.0
Tomato,1992.41,52.0,58.28,12.91
Mustard,5219.83,95.67,67.94,22.41
Jowar,3415.38,41.61,56.54,19.98
Sugarcane,3363.44,100.0,57.78,19.49
Onion,2493.0,74.5,84.81,5.28
Sunflower,3034.23,80.92,62.7,33.51
Turmeric,11105.4,59.05,90.38,31.42
Groundnut,6546.71,86.81,75.25,20.64
Tomato,2949.02,68.26,84.72,28.39
Cotton,6857.13,48.43,100.0,15.19
Sunflower,6653.94,58.32,56.07,24.82
Sunflower,4503.9,98.66,15.0,28.42
Sunflower,6331.97,21.76,79.07,31.7
Mustard,4583.65,84.05,81.49,20.68
Maize,2400.2,65.72,43.71,22.05
Cotton,5388.43,79.09,77.71,19.08
Mustard,5597.27,64.61,81.64,6.94
Tomato,2261.68,44.78,74.29,12.64
Tomato,2206.99,83.98,85.85,1.22
Wheat,2020.71,53.7,82.3,26.32
Mustard,5828.04,89.92,45.4,18.27
Sugarcane,3198.62,78.94,54.15,15.35
Groundnut,5975.63,76.06,44.65,16.93
Turmeric,8121.82,77.81,19.89,23.78
Wheat,2720.6,74.44,71.54,16.06
Cotton,5538.17,98.33,71.23,29.05
Jowar,3030.51,68.5,98.78,10.08
Onion,2312.48,75.56,69.19,11.78
Onion,2632.56,77.68,75.23,8.12
Onion,1874.31,68.7,74.05,25.52
Turmeric,7756.64,80.01,100.0,21.33
Bajra,2352.07,48.81,46.98,10.69
Jowar,2865.94,50.57,85.56,14.09
Potato,2032.91,84.3,80.1,16.29
Onion,2152.49,59.77,80.56,21.25
Wheat,2430.26,73.12,66.09,7.07
Wheat,2435.61,30.19,89.74,10.78
Cotton,3959.26,80.2,72.69,27.4
Turmeric,9314.31,83.03,90.2,6.57
Wheat,1379.21,76.33,68.5,27.26
Cotton,4990.04,78.56,72.45,27.65
Turmeric,10081.49,68.53,79.11,16.61
Potato,1866.42,77.23,71.2,7.45
Turmeric,8162.93,79.21,61.18,19.88
Cotton,5635.34,90.88,47.12,28.58
Bajra,2683.16,75.06,85.17,8.69
Onion,2973.0,63.79,74.75,24.46
Tomato,2389.49,60.37,97.54,19.08
Onion,2372.61,55.71,73.49,11.74
Mustard,6642.5,88.1,57.76,33.37
Jowar,3409.78,76.57,54.04,27.73
Jowar,4363.24,50.74,66.63,28.19
Bajra,2705.03,81.31,100.0,12.42
Sunflower,5969.71,80.15,42.85,29.87
Groundnut,7838.99,65.85,67.95,23.71
Potato,1729.57,54.51,80.23,12.97
Rice,1706.63,50.93,60.44,25.99
Tomato,2491.24,49.56,76.23,22.36
Turmeric,6655.22,97.17,61.38,38.24
Sugarcane,3092.95,51.81,68.85,9.66
Jowar,3382.21,69.86,84.2,18.61
Sugarcane,2535.67,86.8,67.62,32.23
Wheat,2500.75,84.23,78.34,8.01
Soybean,4248.93,81.38,31.45,25.47
Groundnut,6582.76,49.17,67.3,19.71
Mustard,4967.5,79.44,58.45,24.53
Maize,2664.04,63.89,70.38,24.59
Maize,1898.32,63.36,77.78,19.24
Groundnut,5615.04,59.67,100.0,13.84
Potato,1317.21,51.29,50.38,24.2
Tomato,2036.05,100.0,79.55,20.76
Mustard,6615.17,47.41,92.16,28.39
Onion,2535.9,65.08,72.25,4.72
Bajra,2478.45,98.87,46.59,18.82
Sunflower,5892.41,56.27,89.82,23.59
Potato,1585.19,55.6,91.1,21.91
Mustard,4602.5,71.47,72.51,18.75
Mustard,6162.4,29.6,65.61,19.43
Bajra,2635.81,58.44,82.67,11.64
Sunflower,4650.61,80.34,74.04,14.72
Bajra,3037.18,93.85,73.08,30.44
Tomato,2351.93,41.29,84.72,16.54
Turmeric,9755.66,88.31,59.61,23.16
Groundnut,5901.01,71.86,82.59,7.4
Cotton,6522.63,71.76,68.02,2.63
Potato,1275.8,75.78,79.32,24.46
Cotton,6985.28,62.67,66.44,10.07
Sugarcane,3155.52,74.85,85.21,5.86
Cotton,6223.98,79.33,66.89,13.26
Maize,2680.0,95.72,72.94,35.26
Maize,1962.25,57.04,74.25,18.23
Sunflower,6980.19,90.49,62.65,37.16
Cotton,6172.98,48.42,67.23,12.89
Potato,1568.54,52.57,90.51,22.3
Rice,1950.62,71.33,74.22,23.76
Tomato,2364.71,66.43,54.59,15.83
Soybean,5975.19,82.82,36.15,37.4
Wheat,2794.67,31.56,63.35,25.34
Potato,1760.41,61.1,98.94,11.93
Jowar,3843.62,75.57,45.86,38.03
Soybean,5496.02,75.69,65.1,21.4
Bajra,2337.43,73.47,100.0,20.34
Sunflower,3821.08,100.0,73.1,36.88
Soybean,4863.82,71.94,68.27,4.21
Turmeric,8699.41,47.96,62.69,9.56
Tomato,2213.29,52.97,68.04,7.26
Sunflower,5788.82,29.93,48.97,19.03
Bajra,2500.84,80.28,59.88,16.21
Jowar,3499.15,38.67,39.43,17.59
Cotton,4692.42,47.75,57.65,26.16
Onion,2418.75,68.11,54.4,13.05
Rice,2403.95,44.68,54.75,7.71
Jowar,2645.38,72.63,59.58,20.86
Soybean,3563.31,85.93,51.0,36.85
Groundnut,5354.66,87.58,42.86,22.64
Groundnut,4748.49,50.64,61.77,22.55
Turmeric,9891.9,100.0,61.95,24.18
Maize,2052.78,55.28,86.17,17.18
Potato,1614.0,41.49,26.05,19.62
Maize,2236.58,82.34,100.0,8.33
Onion,1837.95,85.87,57.0,36.44
Onion,2492.5,45.96,62.7,7.5
Sunflower,6220.47,47.16,97.49,28.68
Rice,3153.01,81.38,71.88,29.5
Onion,1533.79,75.33,88.72,27.2
Rice,2602.36,85.04,46.95,19.02
Potato,1844.3,79.35,84.33,4.28
Wheat,1928.95,95.55,95.26,21.39
Bajra,3040.68,70.62,81.62,21.56
Potato,2063.84,57.91,64.84,18.25
Turmeric,9625.69,75.64,66.76,12.57
Wheat,1957.55,66.97,59.95,22.82
Rice,3159.54,100.0,60.69,37.5
Sugarcane,2959.28,80.74,85.52,10.51
Groundnut,4949.76,77.95,65.78,22.78
Groundnut,7359.43,75.06,74.29,24.64
Soybean,4873.88,84.57,90.83,4.82
Tomato,2566.42,94.43,54.95,31.38
Rice,2447.96,32.79,49.79,9.4
Bajra,3271.11,54.89,100.0,32.54
Jowar,3218.67,56.16,44.32,15.54
Bajra,2467.97,92.27,73.74,17.95
Jowar,2813.9,95.62,98.05,8.02
Rice,2290.42,49.76,62.08,14.41
Sugarcane,3143.07,72.87,52.54,14.66
Maize,2331.26,32.08,62.67,14.8
Groundnut,6080.89,48.91,78.25,13.74
Bajra,2363.45,98.89,91.74,13.71
Sunflower,3847.82,80.54,64.82,32.01
Sugarcane,3567.87,78.01,78.28,13.34
Sunflower,5152.32,72.58,63.58,8.16
Bajra,2441.31,90.02,70.57,18.62
Sugarcane,3714.77,53.47,60.13,19.17
Bajra,1889.38,78.81,97.59,29.76
Bajra,2073.87,90.48,69.43,33.48
Jowar,1908.66,67.96,75.07,26.31
Turmeric,10082.7,52.45,80.43,22.37
Wheat,2025.81,46.05,44.7,18.04
Cotton,9723.6,88.73,91.02,24.47
Bajra,2886.8,52.16,77.57,20.72
Sunflower,5991.3,64.92,75.66,20.25
Sugarcane,3142.92,85.83,59.25,17.05
Tomato,2522.48,48.75,74.8,23.8
Turmeric,9260.34,63.16,70.93,6.0
Potato,2389.99,69.99,90.88,29.94
Onion,2804.66,94.9,98.93,15.0
Groundnut,5298.66,74.61,59.44,18.29
Maize,2495.16,71.94,88.2,19.96
Mustard,4941.17,70.42,85.55,17.76
Sugarcane,3006.32,55.51,61.67,8.17
Cotton,7193.26,100.0,83.11,21.73
Sunflower,5237.35,51.23,49.33,2.54
Mustard,5908.31,59.47,64.01,8.72
Sugarcane,3646.49,87.6,87.1,15.58
Sugarcane,2712.21,54.98,55.94,15.95
Onion,2357.99,63.99,32.55,20.64
Turmeric,10968.11,73.89,100.0,32.31
Maize,2338.57,45.34,61.61,13.2
Maize,2213.78,92.6,69.83,15.48
Bajra,2466.72,66.21,43.16,19.12
Onion,1866.21,90.9,59.11,36.96
Cotton,6784.42,57.3,88.39,13.5
Mustard,4654.71,88.0,74.96,25.53
Jowar,3127.07,62.49,53.12,11.05
Turmeric,7753.98,62.05,72.73,19.07
Onion,1823.92,63.35,78.39,27.99
Jowar,3841.51,50.15,43.78,27.73
Tomato,2136.19,36.55,52.99,9.14
Wheat,2015.0,74.79,82.03,19.57
Onion,2719.83,74.0,51.49,23.03
Jowar,3240.81,69.2,100.0,17.41
Sunflower,5894.71,65.38,94.03,23.96
Groundnut,6432.16,53.4,70.84,17.7
Cotton,4591.34,66.05,76.87,27.94
Potato,1239.38,37.63,56.55,29.9
Mustard,5334.19,57.52,82.32,15.28
Tomato,1992.28,51.1,74.95,18.2
Sugarcane,4160.32,66.78,52.27,31.57
Potato,1819.85,48.53,80.01,11.46
Tomato,2383.52,80.65,60.39,20.56
Potato,2531.74,83.81,94.59,26.67
Turmeric,8865.0,26.57,64.91,12.11
Jowar,3093.46,79.86,91.98,8.77
Groundnut,4819.09,85.78,95.81,22.13
Sunflower,4650.72,66.35,100.0,19.42
Sugarcane,2177.02,57.94,45.28,31.49
Turmeric,10269.22,60.83,96.29,24.7
Cotton,5696.19,74.9,70.13,15.7
Maize,2255.3,53.37,53.1,2.87
Sugarcane,3207.2,61.06,73.69,5.94
Rice,2544.84,74.68,98.18,10.16
Cotton,7617.67,50.67,65.91,23.43
Potato,1502.19,61.81,60.4,18.51
Sugarcane,2764.66,77.64,79.87,15.07
Groundnut,6665.63,95.45,82.85,23.88
Tomato,2169.88,87.79,77.29,9.26
Mustard,4553.59,76.39,42.69,32.88
Tomato,1836.86,76.67,88.02,22.3
Jowar,3163.6,62.96,68.71,8.44
Cotton,7521.2,84.22,73.02,22.48
Sunflower,6044.91,49.85,85.77,25.52
Turmeric,10521.7,77.7,59.7,28.93
Tomato,2024.21,100.0,80.64,19.56
Cotton,7417.28,67.35,100.0,23.11
Soybean,5082.59,84.07,78.02,10.74
Groundnut,6615.74,54.56,82.35,23.4
Rice,2707.95,56.0,61.11,11.57
Sugarcane,3226.5,56.89,75.03,8.53
Cotton,5816.19,32.45,68.78,21.14
Sugarcane,2462.46,77.59,55.43,37.21
Sunflower,4119.26,41.48,57.53,28.05
Groundnut,7188.31,75.67,78.24,24.52
Sugarcane,2300.58,80.86,93.6,27.16
Potato,1925.66,91.7,56.17,22.32
Rice,2797.96,49.68,63.71,17.3
Sugarcane,3572.38,76.1,88.97,17.22
Cotton,8233.89,64.51,69.34,25.34
Sugarcane,2315.82,92.67,32.83,37.34
Soybean,5778.74,74.25,84.04,25.32
Onion,2822.14,73.43,54.21,25.67
Maize,2729.44,67.72,72.82,25.56
Potato,2486.03,67.09,49.48,33.44
Cotton,6480.57,72.8,59.73,9.41
Wheat,2249.1,70.35,53.33,16.68
Turmeric,11693.7,89.56,53.79,36.91
Maize,2174.94,55.83,94.24,11.55
Cotton,6840.41,41.52,67.11,15.27
Tomato,2277.16,83.16,92.84,8.0
Cotton,8154.6,73.79,59.13,31.7
Maize,2258.51,68.65,58.64,9.12
Jowar,3275.8,58.26,72.83,15.82
Soybean,3096.12,71.57,56.48,33.29
Soybean,4079.77,15.0,63.08,24.39
Mustard,6669.65,47.75,59.12,24.49
Bajra,3107.54,76.84,71.3,24.25
Bajra,1976.66,64.56,72.17,25.75
Cotton,7233.14,76.32,72.0,14.79
Wheat,2486.9,67.34,69.18,4.52
Soybean,5643.11,80.51,34.82,31.68
Cotton,6916.82,100.0,66.8,21.08
Tomato,2898.31,70.75,75.13,24.27
Tomato,2546.7,61.53,62.46,17.44
Maize,2249.17,86.17,100.0,8.04
Groundnut,6303.77,88.84,89.0,9.08
Rice,2558.83,89.65,76.24,11.78
Wheat,2327.07,70.92,47.35,17.13
Onion,2677.02,89.96,85.29,9.77
Bajra,2757.53,49.67,81.2,16.44
Jowar,2283.15,29.38,84.15,32.91
Potato,2437.91,72.83,65.03,29.04
Turmeric,11868.44,100.0,50.78,37.74
Soybean,6400.16,64.12,64.81,24.08
Onion,1999.98,58.89,100.0,30.02
Soybean,3838.11,57.78,61.87,22.71
Rice,2669.06,82.35,60.59,19.5
Soybean,3412.19,40.75,37.97,25.42
Sunflower,6430.88,68.1,89.01,30.57
Potato,1993.05,86.91,76.53,17.58
Jowar,2831.95,64.31,100.0,15.02
Sunflower,5872.51,80.0,71.81,18.47
Rice,2273.44,53.72,68.82,15.06
Onion,1870.86,94.17,60.6,36.45
Mustard,4511.43,69.63,85.05,25.05
Rice,1639.02,93.0,73.54,34.46
Tomato,1582.14,79.95,75.34,25.27
Cotton,5889.11,83.03,94.01,13.5
Soybean,3599.23,83.87,63.24,35.35
Bajra,1973.48,77.67,50.13,36.64
Turmeric,10190.39,64.79,91.23,22.91
Soybean,5071.06,71.02,77.44,8.47
Rice,3468.93,81.19,56.43,37.41
Turmeric,9011.22,72.39,86.72,5.98
Tomato,2359.35,65.59,42.96,20.63
Sugarcane,2190.95,70.93,76.54,24.56
Mustard,5396.08,100.0,78.58,16.17
Soybean,3355.6,67.8,82.78,28.14
Jowar,2701.51,23.59,70.32,19.32
Potato,1993.21,85.29,37.52,25.8
Tomato,1512.82,93.24,79.74,31.07
Sunflower,6010.46,60.92,78.85,23.37
Wheat,3010.08,62.63,94.87,32.7
Sunflower,4482.21,77.88,56.99,26.97
Cotton,5900.52,65.72,85.77,17.67
Turmeric,10925.33,64.45,81.04,27.78
Cotton,4902.92,57.54,47.82,28.92
Turmeric,10446.79,90.8,85.01,19.76
Maize,2322.08,21.26,72.11,15.59
Bajra,2290.73,69.16,50.6,22.89
Cotton,6142.44,34.81,56.97,14.3
Potato,2100.05,74.13,50.34,31.3
Mustard,5466.78,34.83,72.58,11.72
Sunflower,5304.15,86.35,54.16,16.31
Cotton,3180.12,100.0,34.43,38.0
Maize,2830.19,74.57,98.08,32.24
Sugarcane,3500.75,93.96,99.53,12.79
Onion,2361.93,64.69,77.42,11.03
Onion,2536.74,79.66,45.08,16.88
Potato,1342.26,54.76,71.47,30.33
Wheat,2347.41,60.23,77.59,10.1
Soybean,4074.65,52.15,98.61,24.48
Mustard,5999.44,30.27,97.96,16.81
Maize,2557.08,54.68,58.42,17.63
Rice,1963.91,77.1,80.26,23.62
Sunflower,5772.98,96.36,79.77,20.97
Sugarcane,3241.86,37.03,48.77,5.94
Rice,2885.95,52.43,58.5,18.51
Turmeric,9284.09,56.8,68.73,7.86
Wheat,2846.06,37.99,85.27,27.58
Bajra,2374.01,100.0,100.0,8.82
Mustard,4039.53,69.98,51.87,34.3
Bajra,2514.95,57.51,74.02,10.16
Rice,2994.45,68.26,73.91,23.02
Wheat,2484.07,72.73,69.1,6.95
Maize,1802.3,100.0,100.0,17.98
Sunflower,5968.37,98.83,61.65,29.25
Rice,3074.95,46.95,81.03,33.09
Soybean,5913.87,99.55,75.76,36.69
Soybean,5155.59,34.18,100.0,17.18
Sunflower,5165.36,80.38,60.86,13.82
Sunflower,4274.15,85.14,73.86,24.55
Maize,1936.8,59.07,87.84,21.29
Jowar,3080.33,65.16,90.74,11.98
Wheat,2750.27,77.28,53.89,27.84
Sunflower,7042.47,69.72,78.19,27.23
Potato,1852.69,65.63,62.62,6.49
Cotton,6579.37,98.77,60.52,15.95
Mustard,4946.37,92.19,53.71,25.73
Potato,1909.37,68.94,83.85,11.43
Jowar,3719.93,76.72,93.02,29.21
Soybean,4942.77,77.54,61.09,13.77
Turmeric,10729.93,59.49,83.32,28.54
Wheat,2206.76,100.0,80.3,21.2
Potato,1037.7,79.55,86.89,25.6
Wheat,2651.47,83.46,84.02,11.87
Onion,2435.97,38.31,100.0,12.16
Mustard,4037.6,61.39,51.27,29.86
Mustard,7054.48,55.91,61.95,25.87
Tomato,2487.55,79.06,32.54,26.94
Rice,2731.2,47.6,81.43,19.51
Wheat,2743.12,80.68,67.19,23.43
Soybean,4417.6,44.05,65.74,15.89
Groundnut,5541.14,82.08,27.83,18.51
Rice,1932.6,100.0,58.74,36.36
Tomato,2506.87,43.93,72.81,24.01
Sugarcane,3530.67,72.61,92.89,18.82
Tomato,2523.08,20.65,66.58,24.01
Maize,2547.18,37.72,34.87,17.72
Sunflower,5275.95,44.11,61.22,8.36
Wheat,3009.52,59.19,82.56,32.5
Wheat,2960.3,74.78,85.64,26.56
Cotton,5355.16,76.62,77.04,18.81
Soybean,2337.57,64.18,71.23,25.98
Bajra,2776.7,56.23,35.35,20.48
Mustard,4234.67,51.54,58.33,24.94
Maize,2198.49,61.83,70.6,4.32
Wheat,2821.29,41.18,45.2,19.26
Rice,2806.88,72.06,100.0,22.87
Mustard,4412.74,50.77,45.89,25.04
Wheat,1159.18,71.76,58.11,31.75
Onion,2734.39,20.36,71.24,18.52
Rice,2681.82,61.23,70.84,11.28
Bajra,2228.1,84.56,60.3,28.74
Turmeric,6491.3,44.14,66.6,31.61
Soybean,6802.44,51.35,100.0,31.53
Maize,2095.73,90.81,70.44,17.57
Rice,2730.97,85.87,89.96,10.88
Soybean,3806.65,83.23,57.68,34.64
Bajra,2048.61,67.14,69.99,22.08
Onion,2104.38,71.43,51.53,29.25
Maize,1930.65,73.21,80.15,15.62
Turmeric,9183.32,58.03,78.36,10.82
Bajra,1908.69,58.2,61.64,24.41
Rice,2437.78,59.21,60.71,4.26
Turmeric,8548.54,78.28,49.52,19.42
Sugarcane,3462.6,56.38,100.0,18.65
Tomato,1684.01,100.0,73.02,37.24
Groundnut,5919.51,88.45,90.91,4.37
Wheat,2879.39,90.26,58.98,35.27
Tomato,1270.16,93.08,73.23,34.75
Bajra,2450.32,35.03,48.67,10.53
Groundnut,6780.28,78.46,98.6,24.23
Cotton,8446.57,74.02,62.19,31.03
Tomato,2241.64,86.94,29.9,16.52
Rice,2793.13,49.74,57.59,16.05
Wheat,2635.99,100.0,51.7,23.99
Jowar,2870.69,78.26,59.45,16.19
Onion,2433.12,100.0,79.48,15.24
Soybean,4062.66,97.04,68.58,30.77
Potato,2217.83,64.15,24.11,36.59
Cotton,8050.57,92.21,51.35,37.87
Rice,2685.75,62.65,95.92,17.03
Jowar,2900.31,47.52,50.53,4.39
Onion,1960.74,43.66,96.72,32.1
Soybean,4360.14,60.93,90.97,19.04
Rice,2504.6,63.31,46.91,10.11
Sunflower,6719.92,63.33,98.61,31.35
Turmeric,5896.29,55.16,97.54,31.46
Onion,2273.04,83.76,89.74,12.98
Sunflower,6623.52,61.63,100.0,33.05
Rice,3030.75,50.54,41.33,28.02
Wheat,3237.62,68.64,84.64,28.45
Mustard,4328.94,85.48,46.48,36.51
Potato,934.2,81.72,71.67,29.03
Mustard,6382.18,68.22,86.64,21.39
Wheat,2121.99,78.57,69.58,17.32
Maize,1949.87,77.92,75.81,13.32
Maize,2154.99,62.92,77.12,7.72
Sunflower,5621.92,90.52,56.23,23.37
Jowar,2883.59,81.66,77.22,7.43
Soybean,4413.03,69.81,56.13,16.39
Jowar,3057.28,70.15,58.86,8.63
Wheat,3291.01,69.54,62.14,26.98
Bajra,3011.21,48.66,62.44,21.9
Sunflower,5525.65,85.87,67.35,17.81
Wheat,1621.04,52.78,58.76,24.92
Mustard,7261.6,80.6,63.8,34.25
Sunflower,6577.23,60.75,57.69,25.1
Sugarcane,3874.03,71.32,63.46,27.13
Wheat,2674.2,54.35,64.04,14.7
Wheat,2034.37,52.48,51.65,16.82
Jowar,2547.17,67.76,85.7,21.93
Sunflower,5463.95,75.17,94.18,11.69
Tomato,2446.81,84.92,54.05,24.88
Maize,2379.29,27.15,61.81,18.0
Sunflower,6658.88,54.32,72.55,29.86
Mustard,4962.5,55.85,54.85,13.66
Maize,2233.47,83.98,92.58,5.32
Wheat,2559.69,74.5,88.43,12.42
Wheat,2353.65,100.0,74.49,17.34
Tomato,2074.82,68.58,77.84,10.47
Maize,2196.96,89.55,54.85,14.61
Maize,1896.65,71.66,67.88,16.4
Jowar,3357.65,62.17,58.75,15.27
Jowar,3000.17,57.05,55.09,2.6
Sugarcane,3380.39,46.61,73.36,15.0
Sunflower,5140.33,54.77,87.29,10.65
Potato,1128.92,78.11,45.86,37.82
Turmeric,6567.02,26.76,90.55,31.47
Turmeric,12569.36,75.42,71.2,26.14
Turmeric,9497.84,83.43,89.64,9.27
Sugarcane,3623.72,82.47,68.58,21.83
Onion,2553.03,71.56,52.04,15.28
Jowar,2958.86,87.03,100.0,7.17
Potato,1488.47,38.41,80.19,26.78
Sunflower,5666.98,79.91,57.4,22.02
Potato,1528.57,64.49,55.08,21.81
Bajra,2466.3,55.65,100.0,15.22
Bajra,2740.25,69.51,58.99,13.08
Jowar,3199.29,89.59,69.84,19.27
Tomato,1618.66,49.66,68.37,30.68
Sugarcane,3835.83,58.8,75.54,25.9
Tomato,2059.93,70.79,100.0,15.74
Bajra,2964.9,57.44,93.17,24.08
Sugarcane,3026.7,100.0,88.17,13.43
Mustard,4435.68,73.2,86.57,25.97
Onion,2484.33,56.51,53.36,4.2
Wheat,2953.4,92.3,68.88,35.97
Mustard,4455.76,48.74,45.38,23.53
Cotton,4219.24,63.94,65.02,23.67
Jowar,2926.63,65.99,71.39,4.76
Sunflower,5742.48,57.01,78.9,18.13
Groundnut,6780.27,73.28,94.5,25.28
Bajra,2136.34,53.38,64.34,21.99
Sunflower,4409.33,72.7,39.4,28.89
Mustard,6036.93,35.62,65.62,16.93
Sugarcane,2202.83,68.14,85.98,30.43
Rice,2229.71,89.05,62.44,24.5
Groundnut,4202.92,86.05,71.17,32.67
Groundnut,5352.09,95.36,66.53,21.78
Wheat,2966.05,50.43,51.85,23.34
Sunflower,2761.18,66.62,78.09,26.77
Rice,3459.87,48.0,76.87,32.41
Wheat,2864.84,58.45,91.6,29.8
Soybean,5048.86,69.71,97.36,14.47
Tomato,1953.66,49.89,44.38,15.37
Rice,2398.4,100.0,95.37,7.66
Groundnut,5085.06,76.83,67.33,19.64
Sugarcane,3036.91,54.22,73.93,13.19
Sugarcane,2852.78,50.61,26.97,24.62
Sugarcane,2694.09,83.16,73.41,21.66
Cotton,5518.5,67.45,90.13,22.97
Tomato,2821.42,69.33,50.93,33.96
Rice,2229.9,100.0,62.29,25.51
Soybean,5088.86,58.87,58.15,7.91
Cotton,5236.58,100.0,30.8,34.72
Soybean,6180.15,63.05,63.25,23.94
Wheat,2540.12,28.67,56.2,15.1
Cotton,2925.0,70.28,70.28,23.51
Sunflower,4661.48,58.92,88.3,19.71
Cotton,6729.6,82.3,72.91,10.07
Jowar,2031.7,70.19,78.63,25.72
Groundnut,5744.92,100.0,84.82,11.41
Sugarcane,4300.98,83.4,18.9,38.2
Tomato,2082.1,57.76,48.39,12.61
Soybean,4745.23,62.37,54.06,7.25
Mustard,5343.53,84.3,53.86,19.38
Maize,2137.22,68.05,71.7,5.6
Potato,1958.04,67.42,86.1,16.89
Maize,2584.19,56.41,56.73,18.2
Rice,2660.66,80.68,83.19,8.12
Cotton,5073.44,78.22,38.56,37.44
Soybean,4688.65,69.41,74.21,4.02
Wheat,2551.47,76.78,80.27,7.97
Jowar,2951.76,69.01,100.0,11.81
Groundnut,7237.94,62.72,71.72,26.85
Soybean,5818.15,76.1,93.19,27.39
Sunflower,5467.95,66.97,37.31,20.58
Potato,1834.99,95.57,72.54,15.98
Sunflower,5397.15,90.13,71.12,16.94
Jowar,3159.07,54.82,38.86,14.87
Groundnut,4317.65,88.98,72.64,32.47
Potato,1881.94,74.67,53.12,18.61
Potato,1694.13,76.43,47.21,20.66
Wheat,2763.15,95.61,82.3,23.97
Groundnut,5730.98,41.66,62.93,8.99
Sunflower,4431.69,95.56,45.96,29.2
Turmeric,7063.17,62.49,48.25,30.96
Tomato,2472.12,83.96,80.37,15.13
Maize,1515.24,65.14,65.02,23.97
Groundnut,5331.34,64.16,100.0,16.79
Tomato,2137.76,83.45,89.84,5.12
Maize,1849.94,67.61,50.81,26.96
Soybean,3403.91,52.96,73.81,31.01
Jowar,3200.26,74.81,84.98,11.76
Soybean,5357.01,53.52,98.23,20.27
Turmeric,9870.69,69.88,69.93,10.75
Cotton,6997.63,70.26,38.07,22.6
Tomato,2089.47,74.91,91.32,10.74
Potato,2192.16,70.68,77.5,25.16
Sunflower,5576.89,99.93,69.24,21.54
Onion,1838.33,50.27,49.97,23.47
Cotton,7135.77,61.04,64.94,12.98
Potato,1033.1,54.53,92.43,31.27
Soybean,4818.91,78.41,46.08,15.01
Soybean,5005.78,72.22,48.33,18.39
Rice,2360.38,72.71,68.96,9.61
Potato,2256.66,95.22,77.23,34.41
Bajra,2413.58,56.96,100.0,17.25
Turmeric,8544.47,45.79,57.51,10.98
Wheat,1913.24,66.7,70.43,23.0
Bajra,3194.4,73.86,90.65,30.11
Maize,1720.78,51.86,88.04,32.2
Jowar,2867.53,53.05,78.69,13.87
Rice,2593.99,99.32,97.91,6.53
Sugarcane,3045.84,67.11,56.09,12.09
Sunflower,3488.84,62.3,94.42,32.29
Turmeric,7446.54,79.78,52.59,32.76
Sugarcane,3306.66,55.17,54.46,4.01
Sugarcane,3459.91,62.53,81.4,14.8
Potato,1688.79,67.53,57.3,13.34
Cotton,7286.18,68.34,58.76,18.74
Cotton,7254.09,65.37,63.82,13.43
Turmeric,10160.35,100.0,89.35,19.23
Turmeric,9316.94,62.75,100.0,12.54
Cotton,5951.12,71.23,98.79,17.26
Mustard,4513.99,46.24,67.7,27.05
Sugarcane,4077.39,77.12,73.58,24.86
Groundnut,5243.55,67.93,93.25,19.38
Maize,3125.78,92.83,49.05,37.79
Cotton,5705.3,82.88,82.38,13.45
Sunflower,3971.35,51.64,86.47,32.68
Cotton,6405.33,82.4,54.59,16.87
Maize,1632.21,92.15,43.37,36.32
Tomato,1021.49,46.88,63.66,28.48
Bajra,3379.34,85.32,58.19,38.02
Soybean,3665.6,100.0,60.1,37.22
Sugarcane,3804.06,93.03,87.09,23.6
Turmeric,8210.7,86.03,55.26,23.64
Turmeric,11993.21,56.33,100.0,31.41
Rice,2791.46,70.09,71.73,14.02
Soybean,3582.69,90.93,91.76,23.49
Sugarcane,4247.2,46.88,91.45,31.8
Groundnut,6040.04,58.45,56.17,5.46
Groundnut,5574.49,42.41,79.47,14.01
Maize,3014.89,91.63,75.66,33.9
Cotton,7187.1,51.03,76.09,20.44
Maize,2228.61,67.05,56.96,7.43
Mustard,5026.28,93.99,44.79,25.55
Groundnut,5146.69,82.36,79.5,12.93
Wheat,2385.64,62.67,51.41,8.3
Rice,2775.25,79.07,91.4,15.86
Maize,2137.5,85.56,57.2,16.88
Sunflower,3997.83,54.21,56.09,23.79
Groundnut,5346.91,74.84,63.65,15.26
Bajra,3208.34,73.9,15.0,37.25
Sugarcane,2935.56,30.58,70.89,18.07
Tomato,1852.26,93.63,65.79,30.21
Sugarcane,2409.92,61.4,60.56,23.89
Turmeric,7574.93,79.43,52.05,29.86
Jowar,3362.17,100.0,69.97,27.07
Cotton,7053.89,78.16,73.79,12.01
Jowar,3496.4,69.24,80.2,21.35
Sugarcane,2530.81,91.97,44.53,35.15
Maize,2154.63,81.07,62.97,13.95
Rice,2291.46,82.81,66.64,19.48
Jowar,2975.68,55.67,86.21,11.06
Cotton,7263.23,60.89,63.19,13.83
Sugarcane,3461.22,79.4,88.65,12.86
Onion,2433.0,77.26,66.84,10.68
Turmeric,7567.47,63.03,49.32,25.22
Soybean,5691.35,90.76,79.64,25.9
Tomato,2745.83,100.0,79.91,34.35
Mustard,6108.82,76.9,55.3,23.36
Soybean,4373.02,79.8,64.89,19.2
Sugarcane,4253.86,62.87,56.06,26.59
Onion,2343.35,62.08,79.98,13.84
Groundnut,6436.05,57.72,38.82,22.66
Wheat,1470.42,62.14,56.78,27.47
Wheat,2202.53,63.82,60.53,11.42
Turmeric,10817.56,47.33,74.53,29.31
Rice,2851.82,55.66,50.74,17.13
Soybean,4364.0,59.83,86.99,19.18
Tomato,2262.79,87.82,84.15,5.74
Sugarcane,2737.57,62.58,74.74,18.76
Jowar,2130.59,67.1,76.85,26.29
Soybean,6040.33,68.49,69.57,23.44
Sunflower,5469.49,90.93,87.97,7.71
Groundnut,4824.28,55.35,66.78,22.42
Onion,2123.83,66.82,72.17,18.29
Onion,2154.25,70.76,73.39,14.89
Onion,2606.14,60.12,78.87,11.56
Onion,2577.8,84.83,90.21,5.57
Turmeric,10329.33,67.31,45.46,27.66
Groundnut,5798.31,75.92,59.79,10.23
Cotton,6096.16,88.87,42.43,21.31
Maize,2220.8,46.38,53.22,5.08
Jowar,2222.56,66.73,33.73,37.7
Rice,1853.86,32.68,78.59,32.01
Rice,1959.87,65.58,66.89,22.87
Mustard,7246.65,73.37,62.6,30.35
Onion,2942.93,53.38,41.85,25.87
Soybean,4106.84,27.07,75.17,24.73
Onion,3005.39,81.77,79.45,21.53
Sugarcane,3080.99,75.27,64.41,11.67
Sunflower,4398.7,78.25,64.78,23.23
Tomato,2531.53,56.82,71.42,20.54
Maize,2056.51,74.34,91.7,13.59
Turmeric,7266.19,55.96,43.96,26.64
Groundnut,5243.08,83.56,53.78,24.36
Wheat,2969.2,85.74,74.31,30.92
Jowar,2706.89,40.14,74.17,19.05
Wheat,2120.83,67.7,53.66,21.12
Rice,2402.04,73.8,66.57,9.83
Jowar,2713.8,61.71,62.4,9.97
Sugarcane,1973.85,100.0,61.41,37.44
Mustard,6569.53,98.12,60.42,31.47
Turmeric,6519.9,56.75,53.13,26.39
Groundnut,7152.2,50.3,75.65,33.12
Sugarcane,2792.41,82.37,79.68,15.09
Jowar,2952.15,50.47,54.58,4.51
Sunflower,6996.45,59.84,82.31,30.61
Rice,1902.32,39.34,87.72,32.64
Onion,2974.91,24.43,78.88,29.15
Turmeric,9681.98,49.56,100.0,16.34
Bajra,2837.75,100.0,56.52,23.83
Mustard,5989.3,62.66,57.63,10.57
Groundnut,4750.45,75.82,81.14,21.7
Jowar,2486.92,43.09,52.09,20.48
Sugarcane,3071.85,81.79,54.58,18.04
Wheat,2168.46,48.75,77.56,19.84
Mustard,5149.94,99.51,78.58,21.37
Cotton,7385.09,71.93,81.87,18.28
Onion,2122.7,64.47,88.63,24.85
Bajra,2267.1,89.7,68.24,26.13
Sugarcane,2850.65,74.19,56.83,22.21
Groundnut,5245.21,61.58,72.23,13.54
Potato,1689.3,50.44,86.62,15.04
Tomato,1793.53,88.19,75.84,27.25
Sugarcane,3033.8,67.7,93.33,15.03
Cotton,4528.94,55.27,44.15,30.31
Bajra,2532.12,62.75,77.61,8.32
Turmeric,9507.26,61.96,69.94,10.26
Wheat,2354.88,72.97,57.23,12.25
Onion,2487.32,72.17,65.22,6.01
Sunflower,3239.61,57.47,99.73,31.39
Rice,2095.71,77.73,71.9,20.45
Turmeric,5940.59,46.83,88.57,31.29
Mustard,5629.67,50.97,41.13,7.14
Sunflower,6411.01,90.24,94.9,25.5
Wheat,2090.33,81.48,74.14,17.56
Jowar,2295.84,72.33,72.76,22.93
Rice,2292.71,76.6,75.21,10.48
Mustard,4271.65,57.72,49.56,27.55
Mustard,6677.44,74.92,82.18,22.56
Sunflower,4402.55,68.21,85.11,22.65
Sunflower,4604.02,41.08,82.25,20.92
Mustard,5734.36,62.36,100.0,12.37
Groundnut,6896.53,88.33,85.45,21.82
Maize,2204.84,89.61,69.37,12.73
Mustard,6686.04,86.27,50.08,33.42
Tomato,2525.36,82.49,85.13,17.27
Turmeric,10516.87,57.08,97.28,26.67
Rice,2685.82,99.98,80.75,18.72
Rice,2841.54,72.33,73.56,14.93
Sunflower,3122.09,76.95,77.24,24.19
Cotton,7278.48,100.0,83.41,22.26
Potato,868.17,100.0,89.06,30.08
Sunflower,8275.44,57.69,82.54,31.42
Sunflower,6884.56,43.16,57.22,28.72
Rice,2782.76,55.99,75.92,19.19
Bajra,3271.98,75.45,96.89,30.98
Mustard,5730.89,75.63,61.23,11.99
Bajra,2109.64,60.72,67.89,22.86
Mustard,4995.93,48.63,60.44,16.49
Soybean,5089.49,53.75,67.99,11.43
Turmeric,10193.98,86.87,65.13,25.82
Jowar,2927.53,31.6,71.44,13.05
Cotton,4867.33,72.69,66.15,26.69
Rice,2132.89,100.0,57.74,28.77
Turmeric,7559.94,72.62,90.76,23.62
Tomato,2222.82,65.72,64.17,3.61
Jowar,2450.31,68.2,71.24,20.71
Turmeric,6251.97,93.51,79.17,32.35
Tomato,1656.37,72.89,100.0,31.31
Tomato,2092.87,63.65,94.49,14.66
Sugarcane,2535.09,87.25,59.05,35.36
Rice,2284.37,100.0,73.65,22.76
Cotton,6279.73,80.17,85.16,5.53
Tomato,2374.88,74.85,73.68,8.99
Soybean,4172.07,89.92,59.19,28.49
Cotton,6671.91,45.95,38.86,7.43
Rice,2604.51,74.58,95.99,12.5
Wheat,2790.5,82.75,58.3,30.44
Onion,2490.01,82.73,59.57,15.47
Sunflower,5338.58,99.13,85.76,12.18
Maize,2528.41,59.36,49.18,22.18
Wheat,2742.79,92.24,80.75,22.08
Maize,2058.3,63.8,77.18,11.11
Onion,2089.86,65.88,87.91,25.76
Groundnut,5160.63,59.19,71.56,16.48
Tomato,1655.74,65.88,96.35,31.63
Turmeric,7880.04,71.81,69.04,14.6
Cotton,7793.82,88.67,69.64,32.36
Potato,1822.17,63.37,61.37,3.55
Bajra,2210.4,86.0,70.27,25.06
Rice,2712.96,61.73,97.06,17.44
Sugarcane,2166.72,55.37,65.16,27.9
Soybean,3181.72,58.67,81.98,32.33
Tomato,2429.51,88.16,95.29,14.07
Rice,2734.87,76.68,69.18,13.78
Turmeric,9168.7,53.97,46.27,8.23
Jowar,3686.09,89.96,81.47,27.57
Bajra,3100.08,68.89,74.08,20.92
Sunflower,5414.95,63.33,56.66,9.76
Cotton,5108.91,77.85,93.26,28.32
Mustard,4455.95,72.8,85.93,25.76
Tomato,1731.97,58.11,68.81,25.29
Sunflower,5543.81,100.0,50.52,22.06
Potato,1795.1,63.08,92.42,9.21
Bajra,2219.2,64.52,31.77,29.91
Bajra,2469.84,85.29,85.61,6.64
Potato,1861.85,58.98,64.73,6.18
Maize,2333.64,72.86,94.29,14.75
Bajra,2635.05,73.22,57.05,11.29
Wheat,2428.94,66.45,60.36,4.96
Wheat,2287.88,84.12,100.0,10.49
Turmeric,10242.62,100.0,73.62,27.49
Tomato,2394.74,68.05,82.48,15.3
Soybean,4218.61,42.95,78.25,22.06
Turmeric,10554.4,74.15,85.83,21.52
Tomato,2626.63,66.35,28.27,33.3
Maize,2304.64,77.24,58.6,15.74
Onion,2639.58,34.14,82.37,14.83
Potato,1679.88,87.93,69.0,18.54
Rice,2832.31,76.91,69.11,18.62
Soybean,2160.0,90.45,42.07,38.14
Sunflower,6024.14,59.55,91.81,26.41
Soybean,5324.7,69.6,73.75,14.18
Rice,1321.11,99.61,69.4,37.37
Mustard,5600.31,64.05,82.43,7.45
Mustard,6620.34,78.54,62.55,27.76
Groundnut,6145.6,66.18,76.42,10.62
Bajra,2381.62,56.13,44.4,17.01
Soybean,5571.71,54.13,87.79,26.34
Wheat,2042.79,58.23,45.41,23.37
Soybean,3220.26,100.0,79.19,36.06
Groundnut,4655.91,36.85,39.72,22.19
Cotton,8391.07,89.28,66.01,37.6
Jowar,3281.23,59.44,73.34,14.59
Cotton,4608.45,90.19,75.76,32.32
Rice,1588.69,84.82,47.94,37.57
Tomato,2928.15,40.23,100.0,32.17
Groundnut,4195.86,68.81,72.22,24.35
Onion,2528.82,80.98,92.15,5.86
Groundnut,6730.94,75.28,97.11,25.4
Jowar,1832.97,42.49,47.47,24.83
Bajra,2537.46,77.24,64.88,10.13
Sunflower,4734.84,82.73,58.09,22.88
Groundnut,4242.25,79.8,72.19,27.21
Turmeric,11506.64,66.08,79.14,28.33
Soybean,5334.26,70.75,52.22,22.33
Groundnut,6532.7,92.41,80.18,19.81
Groundnut,7460.79,45.5,77.05,32.63
Onion,2627.27,95.47,70.18,20.6
Cotton,6441.64,85.19,56.51,15.66
Mustard,6092.7,63.65,80.17,16.34
Potato,1971.88,77.12,75.28,11.77
Cotton,7403.0,41.21,68.36,23.25
Mustard,5211.2,63.11,66.97,8.37
Cotton,7206.43,75.02,81.03,13.53
Potato,1839.28,76.18,92.77,8.59
Bajra,2518.36,69.38,86.02,9.23
Onion,2521.98,51.53,47.39,4.22
Tomato,1440.54,37.13,63.76,31.73
Mustard,4615.25,78.51,43.67,32.5
Jowar,2421.55,94.24,27.55,33.49
Maize,2190.34,87.58,32.82,15.02
Wheat,2866.58,73.31,79.26,22.45
Turmeric,8090.6,54.71,70.31,16.77
Cotton,6553.31,76.15,100.0,9.72
Sugarcane,3687.74,75.96,76.82,16.05
Jowar,2786.66,63.36,62.22,8.91
Sunflower,5855.41,100.0,69.79,27.18
Turmeric,7972.08,91.47,78.77,19.3
Bajra,2409.98,44.26,36.95,12.75
Soybean,4891.74,80.03,100.0,9.51
Wheat,2050.25,84.1,78.45,19.15
Onion,2400.62,80.19,59.58,16.87
Sugarcane,2960.4,86.27,93.23,10.21
Sugarcane,3445.08,63.02,67.3,10.38
Turmeric,7743.23,41.94,89.7,22.72
Rice,2933.52,91.62,68.38,31.86
Onion,2779.37,77.27,73.87,14.81
Sunflower,4347.14,100.0,67.81,31.13
Groundnut,6028.71,77.56,50.12,17.66
Mustard,6538.92,65.21,42.75,30.19
Cotton,9021.27,49.81,95.19,33.04
Mustard,6537.73,100.0,57.37,32.16
Tomato,1853.37,49.49,60.6,20.56
Potato,1570.98,45.24,92.05,22.18
Jowar,2535.32,67.37,72.99,17.44
Jowar,3350.51,65.75,100.0,21.94
Rice,2856.25,76.26,56.42,26.89
Groundnut,6898.86,19.57,88.01,27.51
Mustard,5808.78,64.78,53.36,10.64
Onion,3226.01,61.91,81.12,30.69
Sugarcane,2507.56,70.34,56.97,30.75
Bajra,1801.96,60.11,83.49,32.61
Jowar,2624.26,100.0,51.94,28.14
Potato,1806.7,100.0,63.04,15.98
Rice,2963.95,60.46,95.57,27.58
Turmeric,10280.84,92.22,47.66,29.28
Jowar,2805.01,57.75,72.91,13.66
Maize,1288.62,75.08,67.95,27.08
Cotton,6782.25,50.68,68.24,10.56
Turmeric,5275.04,91.13,47.63,36.88
Jowar,3339.96,64.17,79.56,17.24
Sugarcane,2441.33,75.77,76.26,23.18
Jowar,3720.96,77.72,89.11,28.19
Soybean,6002.62,59.94,64.39,24.48
Tomato,2274.09,36.24,58.0,11.93
Bajra,2713.54,63.76,71.4,7.36
Wheat,2816.82,38.94,82.22,26.46
Mustard,5091.65,50.36,77.22,17.91
Jowar,3045.92,43.58,46.39,2.93
Rice,1621.56,82.83,77.74,27.0
Mustard,5661.22,86.07,70.93,11.26
Onion,2216.58,92.59,99.81,14.77
Potato,2442.33,76.48,68.66,28.54
Soybean,5932.36,33.82,64.43,31.37
Groundnut,5135.1,63.63,50.13,20.84
Soybean,4381.81,86.66,95.23,12.96
Jowar,3444.61,66.17,51.08,25.41
Wheat,2135.43,48.2,100.0,20.52
Sugarcane,2911.19,58.51,96.05,19.1
Potato,1628.41,31.49,71.59,18.34
Soybean,6530.1,62.63,50.4,30.01
Sugarcane,4226.32,83.22,59.58,36.55
Jowar,2809.6,58.29,48.65,12.86
Maize,2070.19,33.11,77.19,16.34
Tomato,2341.45,63.9,46.9,18.39
Onion,1820.01,68.79,74.07,24.84
Maize,2628.87,66.12,80.59,24.98
Rice,2609.66,46.97,94.76,15.08
Sunflower,5284.28,61.17,85.5,11.0
Turmeric,10045.2,48.47,42.85,16.63
Wheat,3221.31,100.0,36.22,37.0
Jowar,3404.97,73.3,53.72,25.26
Sugarcane,4514.23,100.0,34.44,37.12
Mustard,5340.51,69.71,63.25,8.7
Soybean,4114.45,62.62,40.54,27.21
Groundnut,7916.0,58.24,55.25,25.4
Onion,2649.72,58.22,63.61,8.3
Mustard,4888.02,90.64,69.98,26.34
Mustard,5939.05,81.71,74.27,11.35
Jowar,2925.21,40.69,36.47,6.46
Tomato,2523.38,62.86,83.8,21.97
Maize,1731.94,72.73,68.5,24.86
Turmeric,10617.94,91.49,38.17,32.07
Onion,2562.49,57.22,36.78,15.91
Tomato,2146.11,37.63,47.34,7.16
Potato,2184.23,74.54,44.74,35.75
Mustard,6111.57,47.32,84.26,17.86
Sunflower,6457.01,55.41,68.31,27.52
Potato,1383.85,56.21,89.09,32.51
Mustard,5245.7,53.71,52.92,8.51
Tomato,2151.38,59.36,79.07,10.03
Rice,2567.68,89.45,86.93,5.37
Potato,1823.89,71.81,92.63,9.17
Potato,1678.77,75.47,57.52,18.78
Wheat,2912.95,64.1,55.89,27.68
Mustard,5787.54,80.28,86.82,6.53
Turmeric,6386.91,83.27,63.66,35.7
Jowar,3363.4,76.45,74.61,14.15
Rice,2752.35,53.4,86.64,19.02
Cotton,7310.54,70.74,66.7,14.9
Jowar,2580.49,78.93,93.58,19.68
Groundnut,6707.03,66.83,92.94,25.94
Onion,2687.95,49.88,58.03,10.72
Turmeric,5934.82,47.87,88.0,32.37
Maize,2688.43,80.23,62.16,33.67
Potato,1770.54,67.55,92.69,12.29
Bajra,2843.93,80.11,65.66,19.04
Bajra,2749.79,20.87,96.39,14.83
Cotton,6229.65,77.82,70.61,8.53
Maize,1698.96,85.88,94.11,25.64
Jowar,2268.01,62.29,61.76,24.64
Jowar,2548.38,63.01,72.56,19.58
Bajra,2478.51,69.23,50.18,16.17
Maize,1802.64,68.0,100.0,27.1
Sunflower,6264.29,84.27,69.44,29.42
Jowar,3122.61,66.69,74.75,8.31
Jowar,3347.8,60.57,70.71,16.89
Jowar,2844.12,75.24,90.27,11.6
Potato,2084.27,98.13,59.65,30.16
Jowar,4282.21,45.45,49.8,25.47
Wheat,2360.89,60.76,75.9,7.33
Bajra,2374.56,64.45,100.0,18.9
Potato,1948.2,70.98,84.52,13.65
Rice,2054.26,40.7,59.94,25.96
Sunflower,6437.28,94.01,76.47,33.86
Bajra,2802.86,52.5,49.43,9.76
Onion,2732.65,36.85,87.02,18.8
Jowar,2912.59,43.82,73.0,12.71
Groundnut,4964.57,74.83,46.02,28.47
Sugarcane,2748.56,59.91,50.07,21.5
Maize,2620.89,65.36,75.18,22.99
Sugarcane,3881.69,70.61,70.41,21.44
Jowar,3664.55,98.03,100.0,24.22
Mustard,5219.37,73.74,56.68,18.54
Soybean,5698.61,98.8,70.29,33.17
Potato,1891.8,73.6,65.04,11.06
Groundnut,7043.58,63.96,77.67,27.3
Rice,2451.06,100.0,44.99,16.3
Soybean,6889.82,45.65,65.69,30.32
Rice,2604.42,56.94,70.28,9.21
Sugarcane,3551.48,72.62,58.94,20.1
Tomato,2382.54,48.93,70.52,17.44
Jowar,3040.11,75.84,82.98,5.15
Potato,1562.31,88.64,71.25,23.45
Mustard,6975.79,79.12,56.88,37.24
Jowar,3635.23,81.72,50.47,36.65
Turmeric,8016.94,68.01,76.82,14.57
Soybean,4141.84,49.17,45.3,16.51
Maize,2112.25,91.44,66.04,18.35
Wheat,2593.41,100.0,88.81,15.02
Mustard,5574.39,55.07,44.22,7.45
Groundnut,5675.08,84.81,54.95,17.6
Rice,2323.55,97.42,94.88,9.53
Turmeric,9216.56,80.55,55.97,17.93
Sunflower,6684.2,55.02,65.41,27.41
Bajra,2950.5,68.65,84.13,20.04
Soybean,4471.29,59.33,96.31,16.2
Tomato,2436.84,93.39,45.91,25.93
Mustard,4580.34,68.7,78.49,22.04
Jowar,2775.85,68.42,89.63,16.73
Potato,1500.53,96.33,64.78,31.97
Bajra,2976.67,98.12,47.93,29.87
Bajra,2406.99,60.32,81.27,16.49
Maize,1662.16,54.09,66.68,27.12
Onion,2711.94,52.4,92.43,17.85
Maize,2717.2,25.13,69.2,32.63
Groundnut,7275.98,54.57,66.96,28.69
Soybean,5443.32,36.73,64.81,23.53
Soybean,4525.11,71.18,67.51,9.24
Sugarcane,2355.13,55.02,79.11,32.67
Bajra,2442.72,38.11,60.94,14.45
Sugarcane,3036.19,30.81,76.99,15.65
Groundnut,5709.99,64.04,71.61,4.56
Soybean,4000.73,68.72,100.0,26.0
Wheat,1636.03,78.94,68.71,28.87
Sugarcane,3136.26,49.99,64.96,8.6
Cotton,6993.48,84.54,35.93,23.15
Wheat,2437.21,77.77,88.63,6.97
Soybean,4167.68,52.89,54.36,14.94
Cotton,6382.44,56.68,65.05,6.62
Groundnut,7258.22,43.71,58.93,28.41
Mustard,5401.86,88.23,87.8,4.37
Maize,1667.25,86.71,65.37,36.85
Bajra,2921.44,74.13,63.88,20.27
Turmeric,7178.06,54.72,62.93,23.72
Soybean,5331.5,76.23,81.63,14.27
Sunflower,3450.64,76.25,47.25,37.18
Tomato,1982.38,51.75,92.11,20.16
Maize,2437.24,74.62,94.47,18.11
Turmeric,5826.13,74.92,62.5,31.34
Mustard,6616.82,100.0,73.49,33.38
Bajra,2201.83,100.0,52.17,30.19
Cotton,7138.57,67.93,71.85,11.8
Soybean,4466.4,15.0,73.13,17.3
Groundnut,3733.9,79.41,60.41,34.62
Sugarcane,2776.47,91.51,60.68,28.52
Soybean,4603.21,83.63,29.4,19.48
Onion,2633.33,59.65,75.99,11.09
Sunflower,4931.29,82.88,51.32,18.91
Jowar,3011.07,29.87,77.83,9.58
Onion,2345.04,82.57,20.38,20.08
Cotton,5838.28,63.97,89.62,19.56
Maize,2244.01,100.0,93.58,7.53
Soybean,5962.89,90.58,67.65,36.31
Groundnut,5733.31,71.86,79.02,4.7
Soybean,6214.55,64.0,38.59,36.53
Sugarcane,1767.02,85.11,95.57,26.85
Mustard,4560.94,62.41,84.09,26.52
Turmeric,9581.16,47.92,51.27,9.46
Groundnut,5578.42,61.06,37.0,17.67
Rice,2365.45,75.6,74.03,7.64
Bajra,2899.03,89.09,55.25,26.48
Tomato,1942.41,79.67,79.37,12.81
Cotton,6787.92,67.51,51.35,14.05
Potato,1873.41,61.79,40.12,18.09
Sugarcane,3125.4,66.7,77.73,7.36
Sunflower,5156.24,96.56,70.98,15.55
Mustard,3721.02,58.77,70.25,26.76
Bajra,2367.38,64.96,49.09,18.54
Jowar,2776.74,69.07,69.56,8.82
Groundnut,5356.72,51.53,58.18,11.46
Mustard,5883.39,26.46,32.16,7.26
Groundnut,6301.06,72.58,54.62,20.61
Jowar,2478.54,79.61,64.23,26.34
Rice,2154.69,41.74,64.95,22.51
Maize,2132.02,50.26,94.74,13.69
Onion,2785.73,87.76,48.75,25.74
Tomato,1966.34,63.02,68.61,13.25
Potato,2406.44,78.76,51.37,36.5
Turmeric,10024.09,80.33,71.11,18.52
Maize,2428.27,70.68,77.36,14.31
Sugarcane,2644.33,52.09,42.66,23.22
Sunflower,5552.3,34.37,58.77,16.06
Jowar,2340.5,73.49,86.17,28.15
Mustard,4809.28,53.19,26.37,28.83
Bajra,3339.6,61.61,80.0,29.45
Maize,2049.22,55.14,100.0,15.95
Mustard,6514.53,73.5,71.14,17.99
Potato,1321.82,100.0,91.57,28.52
Soybean,4316.88,85.8,68.84,21.45
Cotton,5568.52,69.69,72.41,16.47
Rice,2543.65,75.54,89.9,7.02
Maize,2068.12,100.0,55.33,20.59
Sunflower,4130.35,73.66,65.55,26.78
Soybean,3938.39,46.72,55.84,21.94
Soybean,6288.74,41.93,100.0,33.09
Maize,2578.5,51.58,46.58,21.62
Rice,2082.88,59.67,83.89,25.34
Potato,1849.75,71.54,60.63,9.53
Soybean,5225.08,71.08,53.7,20.98
Onion,2522.18,64.09,24.03,15.84
Sugarcane,3959.34,100.0,78.32,35.72
Sunflower,4823.68,72.48,72.92,8.48
Soybean,6100.37,63.21,59.59,25.29
Turmeric,6093.0,62.72,87.52,33.03
Maize,2149.9,65.22,53.24,11.19
Maize,1728.4,79.37,82.15,22.67
Cotton,6060.51,66.03,65.29,8.42
Onion,3022.11,48.33,83.83,29.92
Onion,2567.89,60.51,73.01,8.74
Potato,1223.94,61.39,100.0,32.28
Onion,2659.67,100.0,88.85,13.57
Turmeric,7665.34,68.52,57.83,21.14
Onion,2032.01,83.37,80.21,22.2
Rice,2287.63,98.68,100.0,10.66
Wheat,2556.17,83.15,89.29,10.25
Potato,1706.4,76.37,63.94,13.68
Sugarcane,3302.38,93.46,65.57,17.42
Groundnut,5925.94,50.03,72.47,11.74
Sugarcane,3316.54,70.94,50.25,16.46
Turmeric,11939.73,100.0,90.55,29.96
Tomato,1694.76,47.83,63.16,29.19
Groundnut,3789.28,63.11,77.81,29.5
Bajra,2328.21,51.31,77.74,20.81
Rice,1974.09,52.4,73.36,29.86
Wheat,2811.64,64.28,70.06,19.25
Rice,3185.36,70.85,61.68,29.11
Turmeric,8289.78,58.4,58.99,9.68
Wheat,2049.97,77.33,74.69,16.06
Rice,2394.64,81.21,64.43,15.84
Sugarcane,3470.75,75.64,86.44,12.75
Groundnut,4805.03,82.2,100.0,23.91
Turmeric,10755.1,62.09,48.37,28.55
Sugarcane,3034.09,67.27,63.03,9.32
Groundnut,6666.69,98.04,80.13,26.04
Rice,2727.24,65.33,89.42,17.73
Potato,1845.03,55.73,84.37,11.48
Sugarcane,2729.86,75.69,100.0,24.64
Bajra,3244.89,46.47,61.44,29.61
Sunflower,4702.93,66.8,61.43,13.52
Soybean,4073.57,43.75,74.05,25.44
Jowar,2940.4,49.84,41.76,7.67
Jowar,2893.43,73.96,93.52,11.62
Groundnut,5479.44,69.87,51.28,16.91
Maize,1602.61,64.34,82.0,28.94
Mustard,5286.67,60.98,80.61,12.69
Soybean,4616.75,74.36,48.98,18.78
Groundnut,5824.12,42.39,86.64,9.66
Potato,1810.38,59.56,77.72,7.19
Cotton,6131.1,82.77,58.68,20.42
Jowar,2958.27,90.54,74.41,12.49
Sunflower,5831.1,76.01,84.9,15.14
Potato,2202.13,49.57,66.88,29.78
Soybean,3576.99,42.87,85.86,31.87
Maize,2149.21,59.83,62.02,4.63
Jowar,2572.32,100.0,100.0,14.31
Maize,2355.97,96.2,49.71,21.26
Groundnut,5035.48,80.65,45.67,28.12
Potato,1232.64,52.37,40.84,29.7
Groundnut,5706.87,32.94,52.34,9.69
Turmeric,9035.04,50.93,81.33,9.21
Onion,2894.29,100.0,53.74,29.94
Cotton,5612.24,91.65,51.86,28.68
Turmeric,10166.42,67.81,91.75,21.93
Soybean,6026.05,81.3,71.46,29.22
Sugarcane,2401.67,64.14,61.07,25.02
Potato,1564.93,76.2,73.76,15.25
Rice,2520.51,67.16,77.19,4.4
Rice,2467.6,81.06,75.15,5.44
Maize,2003.05,58.06,46.2,17.68
Jowar,2765.99,78.8,46.4,23.35
Jowar,3406.11,43.38,71.0,23.4
Onion,2705.13,84.29,72.25,15.57
Rice,3485.71,37.51,42.58,25.89
Cotton,7452.36,78.98,59.17,28.17
Maize,1652.2,100.0,54.63,37.27
Potato,2184.63,65.92,58.48,26.05
Potato,1984.45,91.01,98.13,14.12
Soybean,5372.69,87.92,50.11,25.65
Onion,2228.45,73.67,73.4,12.37
Bajra,1927.79,54.72,90.53,32.64
Tomato,1995.64,74.71,86.24,14.24
Jowar,3144.81,78.88,100.0,13.83
Mustard,6625.56,56.65,85.76,27.15
Groundnut,5539.36,84.33,84.6,5.1
Sugarcane,3448.98,94.78,62.58,23.08
Maize,2390.31,56.29,57.64,9.94
Tomato,2161.02,62.52,86.31,11.87
Tomato,1403.45,81.56,67.66,31.68
Tomato,3060.11,99.56,72.02,36.72
Onion,2745.08,69.6,88.12,17.39
Rice,2810.56,90.69,88.41,15.64
Jowar,3068.67,74.36,65.43,9.34
Soybean,5087.91,47.16,78.63,15.56
Turmeric,9056.3,74.26,45.01,16.31
Onion,1978.9,67.77,67.07,21.65
Wheat,2582.99,60.84,84.87,17.6
Tomato,2694.93,82.11,69.29,31.59
Rice,2919.08,55.73,59.73,18.7
Wheat,1232.2,66.83,41.45,37.47
Rice,2836.28,57.32,100.0,22.64
Groundnut,4329.04,48.41,88.76,31.77
Cotton,5969.25,68.96,70.61,9.74
Onion,3381.16,30.09,73.19,31.57
Soybean,4806.68,87.03,46.39,15.13
Tomato,1648.57,59.04,77.07,29.82
Onion,2538.46,55.19,43.8,8.93
Sunflower,5870.09,82.36,58.25,28.16
Turmeric,10436.69,44.83,84.22,25.75
Bajra,2875.26,82.21,100.0,16.86
Turmeric,8366.15,89.37,69.05,20.22
Soybean,7240.13,49.77,63.84,29.09
Soybean,4517.78,82.18,49.75,20.66
Soybean,4922.34,51.93,85.69,12.91
Maize,2742.56,65.95,70.99,25.88
Maize,2253.54,76.95,58.69,13.47
Potato,2123.01,74.95,51.63,32.84
Bajra,2437.53,70.54,67.91,8.21
Soybean,4364.43,75.51,87.21,13.24
Wheat,2225.62,100.0,63.35,21.86
Sunflower,6866.68,80.02,70.56,29.0
Mustard,5051.12,100.0,56.28,23.62
Onion,2004.99,71.44,81.22,23.25
Potato,1851.32,98.22,72.03,17.88
Bajra,2246.44,94.92,75.4,25.08
Turmeric,9911.61,53.63,90.14,20.62
Maize,2070.81,48.82,93.15,14.83
Wheat,2728.34,94.71,92.02,15.68
Turmeric,6504.5,77.79,59.93,34.16
Wheat,2214.54,100.0,75.05,22.02
Potato,2060.16,87.49,23.19,29.37
Maize,2490.85,76.58,81.89,16.42
Jowar,2541.88,84.11,97.77,20.23
Rice,2551.08,82.99,63.72,14.99
Maize,1903.48,71.86,60.01,21.77
Bajra,3231.19,64.15,70.39,26.21
Onion,2607.35,79.49,50.42,18.66
Sugarcane,3626.04,48.87,63.95,18.94
Mustard,5829.24,84.72,83.21,6.15
Wheat,2266.93,57.84,74.69,12.45
Maize,2643.08,30.08,66.97,29.33
Turmeric,7284.65,54.82,47.61,24.35
Sunflower,4973.0,79.21,100.0,12.84
Turmeric,8999.79,58.84,72.04,6.37
Sunflower,4331.66,66.73,77.53,21.48
Turmeric,10516.28,89.79,78.32,24.06
Groundnut,6877.81,50.65,93.64,27.68
Turmeric,11360.5,72.53,91.68,29.7
Bajra,1984.37,70.09,89.67,30.59
Jowar,3063.46,57.28,86.34,11.69
Bajra,2914.85,59.71,56.65,13.88
Jowar,1772.49,52.71,83.45,32.43
Rice,2355.07,63.08,82.75,14.35
Tomato,1910.27,57.84,68.64,17.37
Soybean,5399.46,56.44,78.03,20.63
Soybean,4183.05,51.75,53.31,14.62
Bajra,2953.43,50.56,62.02,18.91
Tomato,990.0,62.99,43.25,34.52
Onion,3109.05,80.51,80.21,22.81
Tomato,2724.21,92.7,32.31,37.37
Potato,2096.91,55.77,83.06,25.51
Turmeric,10648.83,70.63,54.33,27.82
Turmeric,8733.97,81.56,68.05,11.39
Cotton,5373.7,71.81,99.46,26.27
Soybean,4168.2,80.27,27.43,27.4
Onion,2525.28,91.78,50.85,14.84
Groundnut,3203.1,80.26,78.92,23.51
Cotton,7279.54,74.47,72.98,13.43
Cotton,5265.52,42.0,61.0,26.54
Mustard,6647.07,74.35,41.95,33.21
Soybean,4981.45,40.89,75.98,13.37
Onion,2036.13,51.46,95.77,27.42
Soybean,5087.47,52.66,70.06,12.56
Onion,3840.93,67.96,80.74,28.22
Sunflower,3593.36,74.39,78.58,25.52
Cotton,6175.27,82.81,74.31,11.26
Jowar,2251.6,73.93,89.41,29.4
Jowar,3368.28,58.81,36.67,26.53
Bajra,2728.05,60.89,69.65,9.68
Onion,2758.34,41.85,39.06,13.46
Maize,2636.13,34.66,89.1,29.85
Tomato,2132.45,41.7,56.57,8.34
Bajra,2446.35,45.39,58.69,11.66
Rice,2927.69,68.74,79.9,21.38
Rice,2785.26,40.21,98.33,21.32
Sugarcane,2609.17,54.94,85.95,27.13
Maize,2091.95,49.83,76.05,14.1
Turmeric,11731.11,64.54,38.1,37.19
Sunflower,4880.61,62.0,100.0,14.87
Wheat,1866.76,91.49,64.07,36.61
Soybean,4173.72,42.64,70.14,21.9
Onion,2880.38,75.45,40.99,30.51
Wheat,1770.34,97.6,58.74,38.18
Rice,2682.24,82.53,94.84,11.67
Cotton,8080.8,66.51,80.01,27.3
Jowar,2821.8,100.0,74.54,21.29
Soybean,4764.35,63.48,59.81,3.78
Maize,2075.23,57.49,85.58,14.82
Potato,1773.16,64.3,53.22,9.57
Mustard,7418.54,74.59,81.42,26.04
Onion,2970.04,36.71,95.24,28.69
Wheat,2357.41,36.4,62.03,11.13
Potato,2066.07,84.39,48.55,28.43
Potato,1694.2,81.04,62.8,16.61
Soybean,3851.66,42.05,72.84,28.49
Turmeric,8363.73,94.68,94.01,8.26
Tomato,1764.36,78.67,55.59,33.91
Groundnut,3964.43,50.08,100.0,32.46
Potato,2137.95,72.43,78.93,20.9
Cotton,6192.59,100.0,77.54,19.1
Maize,1882.33,57.66,85.82,24.49
Groundnut,3859.94,64.24,100.0,33.01
Soybean,5142.46,75.85,59.39,18.15
Onion,3092.81,84.81,74.35,29.76
Onion,2830.73,88.52,75.6,22.52
Wheat,3053.81,55.82,85.1,31.93
Rice,2158.39,80.08,52.19,28.4
Potato,1367.31,28.71,53.49,31.43
Soybean,5412.93,58.66,64.23,15.77
Maize,1915.65,63.55,43.46,25.55
Potato,1514.51,98.49,98.66,16.46
Onion,2892.33,75.73,65.18,23.28
Sunflower,5511.74,100.0,51.41,20.28
Turmeric,9117.25,49.5,71.19,10.65
Tomato,2617.02,50.47,100.0,28.58
Rice,1774.28,94.22,100.0,26.09
Soybean,5677.15,75.35,58.87,28.09
Bajra,2249.89,54.49,38.72,22.7
Onion,2613.21,46.87,93.28,14.92
Maize,2104.39,78.52,61.42,14.39
Potato,1579.45,60.71,59.81,13.82
Tomato,2546.15,35.1,64.1,26.32
Tomato,1860.98,50.14,82.08,25.45
Wheat,2461.75,85.98,98.14,7.57
Bajra,3605.59,73.35,58.05,31.98
Rice,2744.15,79.26,53.9,24.24
Maize,2374.04,77.95,100.0,16.94
Maize,1428.85,65.51,81.4,28.35
Tomato,1732.25,81.78,83.43,22.23
Rice,2282.09,71.07,57.91,16.98
Onion,1775.42,59.71,82.97,32.06
Potato,1800.38,56.2,60.85,3.63
Cotton,5913.56,69.83,48.13,22.91
Bajra,2253.14,83.75,62.15,26.26
Sugarcane,3684.98,60.43,79.28,22.05
Potato,2245.56,100.0,68.47,38.23
Groundnut,4239.99,47.91,83.78,32.31
Tomato,2255.21,65.03,57.9,7.77
Sunflower,4912.94,65.79,90.43,14.09
Tomato,2056.15,76.87,69.14,11.1
Turmeric,6966.66,90.26,55.3,37.88
Tomato,2157.0,80.77,57.14,15.29
Groundnut,4537.35,55.99,65.12,26.24
Wheat,2540.74,54.39,55.03,6.77
Groundnut,5757.61,78.51,86.11,5.15
Potato,1608.14,65.39,48.43,20.63
Potato,1810.52,69.25,24.43,15.46
Sugarcane,2511.51,61.04,67.11,23.63
Tomato,2567.96,47.11,86.01,25.78
Onion,2101.46,91.61,60.58,31.3
Wheat,2100.87,70.12,100.0,22.79
Bajra,2503.05,68.57,82.92,9.53
Rice,2370.1,73.33,100.0,14.3
Tomato,2055.02,100.0,85.63,15.71
Bajra,2185.05,57.83,84.92,26.44
Groundnut,7538.41,87.04,78.02,29.6
Cotton,7988.91,49.81,58.27,25.72
Tomato,2197.79,76.17,72.3,2.52
Wheat,1961.16,58.72,76.19,26.16
Groundnut,5539.11,89.95,79.38,11.93
Jowar,3600.51,53.76,78.36,29.0
Sunflower,5952.53,59.89,34.87,29.98
Cotton,7107.08,59.67,100.0,18.88
Jowar,3262.3,71.75,100.0,17.9
Potato,1804.99,100.0,98.79,2.3
Potato,1745.39,73.14,77.94,6.54
Jowar,3297.91,100.0,60.16,24.67
Cotton,6247.33,62.37,48.62,13.35
Jowar,2538.88,100.0,69.95,29.8
Cotton,6490.51,58.17,44.6,8.25
Mustard,6116.68,99.76,76.24,23.59
Turmeric,8526.0,58.78,98.15,14.48
Jowar,2799.78,100.0,38.64,20.69
Bajra,2177.26,100.0,49.91,29.9
Turmeric,9735.38,61.96,50.54,16.7
Potato,1515.93,49.22,74.05,24.36
Tomato,2118.88,83.2,49.34,17.97
Maize,2579.09,100.0,54.87,32.66
Mustard,4892.08,77.84,86.9,16.47
Mustard,4051.85,56.93,57.08,24.2
Soybean,4661.65,61.19,60.01,4.4
Rice,2713.12,48.2,30.42,20.88
Potato,2078.7,75.36,54.1,27.82
Tomato,2265.36,54.03,100.0,12.87
Sugarcane,2601.8,36.88,59.55,26.75
Sugarcane,3889.61,62.55,44.2,33.18
Potato,2127.66,61.06,56.75,21.73
Cotton,5313.06,84.1,70.36,27.67
Cotton,5870.95,69.07,37.47,23.59
Wheat,2529.06,65.24,79.93,10.89
Turmeric,9182.55,48.79,67.77,9.25
Maize,2133.35,100.0,76.96,17.46
Bajra,2283.16,64.59,77.72,17.38
Maize,1981.97,83.49,69.78,18.02
Cotton,8363.42,72.69,66.77,27.63
Sugarcane,2921.47,79.05,100.0,16.68
Tomato,2895.1,70.27,56.44,32.12
Wheat,2622.89,67.28,39.27,24.16
Potato,2089.35,59.72,69.35,21.13
Sunflower,5519.05,64.37,40.95,20.56
Potato,1945.18,64.62,47.76,18.09
Tomato,2783.6,70.98,73.26,25.15
Onion,2119.65,40.89,63.06,24.23
Turmeric,7649.33,100.0,44.64,29.52
Jowar,2770.78,48.96,66.08,14.8
Turmeric,10092.11,82.27,77.03,15.46
Sunflower,5642.68,68.6,57.98,16.66
Wheat,2590.92,93.78,54.5,23.39
Turmeric,5650.13,98.32,50.49,37.63
Soybean,4112.28,60.27,100.0,23.48
Potato,1828.39,52.73,59.89,4.66
Bajra,2525.1,86.4,52.94,17.82
Maize,2560.45,70.55,84.41,22.97
Jowar,3693.4,49.69,67.83,29.7
Bajra,2119.72,100.0,51.3,32.82
Maize,2372.75,78.4,91.44,12.55
Sugarcane,3885.76,64.12,60.83,23.76
Cotton,5498.28,69.63,64.12,19.36
Turmeric,6491.82,100.0,98.76,25.21
Wheat,2797.11,94.49,65.87,30.3
Maize,2225.21,41.57,36.91,5.78
Wheat,1724.7,56.27,97.68,31.51
Potato,1788.67,47.88,81.5,11.27
Maize,2046.4,76.0,61.4,16.46
Cotton,5276.04,77.07,93.68,25.25
Sunflower,3347.35,96.26,45.58,36.34
Soybean,4869.05,66.68,95.81,11.31
Jowar,2959.01,39.9,74.75,10.44
Cotton,7239.97,99.14,59.84,26.8
Cotton,8511.28,51.46,72.05,31.48
Groundnut,5303.97,76.76,88.55,13.95
Bajra,3398.11,63.1,86.34,31.12
Sugarcane,3319.69,67.77,61.33,9.07
Potato,1611.78,100.0,62.21,24.75
Cotton,5597.03,48.1,92.59,24.31
Jowar,2960.86,52.62,92.25,10.98
Jowar,3440.68,94.2,63.28,28.88
Groundnut,5303.69,93.49,77.8,18.74
Sugarcane,3497.0,50.81,51.11,10.84
Tomato,2227.63,100.0,80.0,14.92
Turmeric,11607.14,60.74,97.37,32.13
Wheat,2469.06,99.11,50.39,16.93
Mustard,8009.77,92.52,36.93,38.03
Sugarcane,3322.44,51.23,54.77,5.21
Potato,1753.94,70.38,68.66,3.9
Jowar,2266.54,67.81,84.49,28.93
Bajra,2300.41,78.76,46.93,26.71
Potato,1550.83,83.42,53.32,27.67
Tomato,2525.33,71.62,67.78,18.85
Soybean,5133.25,89.52,71.09,17.83
Sugarcane,2838.43,92.96,90.51,12.73
Groundnut,5200.24,92.85,54.6,24.83
Sugarcane,3156.42,65.67,26.32,16.95
Jowar,3378.11,62.17,88.45,23.11
Sunflower,4573.73,57.98,52.47,17.06
Bajra,3328.4,100.0,89.25,29.38
Onion,2324.61,71.12,88.05,13.39
Bajra,2897.29,61.84,66.62,14.4
Tomato,2236.32,46.73,89.56,10.95
Rice,2583.09,95.95,68.21,18.05
Jowar,3298.15,70.76,45.53,24.69
Tomato,1915.62,100.0,36.02,28.47
Groundnut,5868.79,99.03,89.56,7.22
Wheat,2408.14,88.14,61.37,15.47
Maize,1956.01,72.58,32.12,25.31
Groundnut,4860.23,88.49,57.13,30.43
Turmeric,9628.33,91.38,100.0,11.27
Turmeric,8914.98,83.65,55.38,14.98
Rice,2288.87,88.96,77.93,16.28
Mustard,6338.13,79.51,53.15,28.59
Onion,2548.95,67.31,76.55,6.45
Cotton,6454.67,71.46,67.45,3.93
Mustard,5659.65,60.13,43.72,12.15
Wheat,3220.75,81.49,92.4,26.62
Sunflower,7521.89,57.84,79.25,30.59
Potato,1912.16,64.83,100.0,16.28
Tomato,2661.23,84.46,58.76,35.68
Bajra,3054.86,49.02,58.45,21.05
Soybean,4508.07,85.55,89.94,8.9
Sunflower,5613.63,83.8,93.37,12.23
Jowar,3290.51,82.62,59.45,24.24
Sunflower,4451.44,43.96,83.73,24.99
Turmeric,9458.82,56.14,66.21,9.43
Potato,1465.3,40.17,19.44,30.72
Soybean,5010.36,80.53,44.03,18.58
Mustard,4506.56,78.02,79.46,21.49
Tomato,1867.19,61.03,88.51,24.21
Cotton,6747.33,65.31,62.34,6.86
Turmeric,8955.61,80.56,61.2,13.54
Sugarcane,3591.06,95.72,60.73,26.14
Groundnut,5983.3,49.89,100.0,13.54
Bajra,2806.58,58.91,93.33,17.01
Groundnut,6098.99,76.52,97.81,13.34
Jowar,2910.67,58.59,81.13,11.5
Wheat,2075.07,65.2,66.35,15.24
Bajra,2745.33,54.19,39.77,15.05
Jowar,4110.56,78.62,88.53,27.93
Wheat,2344.47,71.91,100.0,12.03
Wheat,2239.21,100.0,69.9,21.57
Bajra,3456.79,74.28,80.42,25.44
Cotton,5943.32,92.55,69.01,22.88
Sugarcane,2791.36,47.41,78.89,23.33
Jowar,3009.41,77.96,47.84,14.46
Sunflower,4878.96,62.07,78.07,13.14
Wheat,2558.67,82.88,100.0,14.19
Rice,2413.44,59.62,68.28,8.3
Wheat,1916.33,100.0,85.28,29.38
Bajra,2725.8,47.86,51.76,6.31
Maize,2237.04,53.68,100.0,11.8
Mustard,5044.16,100.0,63.21,24.83
Turmeric,6689.1,70.55,32.44,37.48
Bajra,2612.25,81.83,47.99,14.82
Mustard,6142.78,91.49,64.87,23.93
Soybean,5447.78,87.06,68.64,24.36
Wheat,1681.8,91.47,45.39,38.21
Groundnut,6437.96,63.79,85.94,18.94
Sunflower,4343.88,53.76,90.85,25.96
Jowar,2632.31,86.9,31.68,25.95
Turmeric,8577.17,70.88,60.41,11.51
Groundnut,5234.7,64.29,50.73,18.43
Turmeric,7556.6,67.29,64.94,19.09
Sugarcane,3935.53,91.93,67.96,36.98
Sunflower,5037.31,91.53,77.91,11.49
Potato,2171.05,57.18,66.11,25.31
Potato,2034.58,76.09,95.95,20.1
Jowar,3728.63,86.91,41.11,36.25
Groundnut,6612.02,59.75,70.88,19.73
Tomato,2635.23,55.74,43.77,28.05
Turmeric,11442.49,54.09,53.21,24.92
Cotton,7467.73,55.51,85.42,24.99
Groundnut,5391.63,59.76,100.0,16.52
Sunflower,6588.33,71.81,40.88,38.19
Potato,1306.81,52.18,66.49,27.6
Maize,1855.19,56.55,57.97,17.0
Sugarcane,3518.55,32.1,74.37,18.71
Jowar,3288.35,84.9,55.08,23.7
Sugarcane,2847.39,25.12,74.04,20.44
Onion,3054.09,66.98,82.67,28.66
Rice,2433.82,78.51,87.35,7.24
Bajra,2596.41,64.11,67.46,2.14
Bajra,2857.46,46.44,75.27,20.33
Onion,2622.05,68.68,71.14,7.31
Cotton,7613.03,44.94,63.18,23.38
Sugarcane,4852.2,66.71,83.79,30.44
Bajra,3100.42,65.96,60.21,23.47
Maize,2234.64,91.27,49.74,17.14
Groundnut,4020.21,97.44,56.12,36.34
Sunflower,4902.22,66.67,74.45,8.83
Jowar,2247.08,99.03,84.23,31.3
Potato,1951.14,35.99,93.9,18.62
Soybean,5456.46,73.29,54.44,24.71
Onion,2662.39,90.31,51.5,21.95
Mustard,4299.31,71.56,73.63,25.2
Potato,1696.73,81.12,66.15,16.2
Maize,2291.32,48.22,70.99,12.7
Onion,2155.53,80.63,93.56,18.81
Groundnut,4202.94,61.87,93.42,31.81
Soybean,5267.7,51.55,67.52,16.08
Bajra,3028.95,51.25,89.5,25.75
Potato,2024.8,63.95,62.54,13.48
Mustard,4861.32,42.87,93.58,22.95
Bajra,3106.06,56.87,79.13,28.34
Tomato,1658.97,62.58,77.62,28.04
Soybean,4943.85,75.06,61.98,12.21
Tomato,2773.35,70.34,60.3,28.88
Bajra,3029.52,72.02,85.72,22.66
Tomato,1902.09,57.81,64.14,16.13
Mustard,5663.16,64.27,61.0,3.18
Turmeric,10287.32,93.29,63.52,29.9
Jowar,2820.57,91.1,55.55,20.81
Groundnut,6198.02,80.9,70.73,14.09
Tomato,1895.98,48.32,60.75,18.15
Jowar,3124.45,77.1,82.7,6.27
Maize,2112.83,63.35,89.5,13.8
Turmeric,8805.16,74.17,60.35,10.82
Bajra,2830.82,65.42,78.41,14.46
Soybean,5910.74,84.52,39.63,38.21
Wheat,2776.4,81.2,61.12,28.48
Cotton,6859.59,76.49,60.8,15.11
Onion,2528.59,65.13,75.04,6.4
Turmeric,9344.06,100.0,82.66,15.06
Potato,2198.02,82.84,32.34,37.12
Jowar,3554.62,76.42,58.55,30.54
Tomato,2407.94,59.02,60.31,9.9
Onion,2795.16,49.7,100.0,21.83
Sunflower,4541.4,100.0,92.02,17.45
Wheat,2241.53,92.25,100.0,10.54
Potato,1762.8,66.16,71.05,5.07
Potato,1830.25,85.58,67.25,14.36
Bajra,2361.18,73.51,95.63,17.83
Wheat,3209.26,15.65,42.44,31.85
Onion,2153.45,62.35,57.01,17.31
Sugarcane,3408.32,94.34,94.42,7.17
Maize,2319.58,80.42,55.92,19.0
Sugarcane,3306.39,67.77,69.6,5.23
Maize,1690.91,98.3,68.12,36.46
Sugarcane,3038.83,37.04,69.83,14.64
Bajra,2917.13,92.88,100.0,16.31
Rice,2484.38,79.02,80.94,3.28
Wheat,1884.35,43.88,79.19,31.66
Mustard,5913.89,82.53,86.17,8.46
Tomato,2608.58,85.11,87.13,20.54
Sunflower,5565.2,45.46,79.99,15.87
Sugarcane,2880.01,89.6,44.88,25.39
Rice,2838.37,83.52,73.49,21.18
Onion,2615.91,100.0,48.87,19.3
Mustard,5850.93,63.15,98.24,13.31
Mustard,5176.02,54.68,49.53,11.71
Mustard,5053.0,77.0,38.08,23.8
Wheat,2616.47,55.09,59.83,10.69
Onion,1709.7,69.48,75.76,25.97
Turmeric,8466.31,52.58,34.05,18.62
Turmeric,7817.41,84.11,72.59,19.94
Sugarcane,2897.92,64.89,82.53,16.74
Sugarcane,4150.1,70.81,100.0,31.31
Tomato,2486.62,53.67,76.2,21.14
Potato,1819.33,36.22,81.25,10.53
Potato,1811.41,35.63,50.21,6.79
Rice,2394.63,61.9,62.18,5.91
Bajra,3060.39,70.2,63.43,22.56
Bajra,2275.7,45.86,81.63,21.55
Groundnut,3644.28,77.2,68.6,28.72
Groundnut,3875.97,77.82,55.93,35.86
Tomato,1722.89,71.27,58.2,29.95
Sunflower,5077.22,49.13,79.45,11.32
Tomato,2308.59,50.5,27.84,17.85
Onion,2342.07,51.23,78.99,15.79
Maize,2079.04,74.41,93.57,13.77
Sugarcane,2230.79,38.12,66.84,31.59
Jowar,3431.94,100.0,28.51,28.17
Wheat,2199.29,60.85,63.03,10.18
Sunflower,6767.92,86.59,100.0,28.6
Sunflower,5965.94,34.81,52.99,22.31
Turmeric,5526.77,64.82,83.23,30.81
Sugarcane,3056.85,94.95,66.47,18.95
Maize,1307.89,100.0,35.49,37.25
Groundnut,6018.56,92.54,52.03,18.15
Tomato,2891.38,67.08,26.36,36.49
Potato,1861.42,87.92,73.65,13.17
Sugarcane,3157.39,74.63,93.11,8.12
Sugarcane,2115.31,88.13,64.23,37.45
Groundnut,6201.11,70.03,20.67,21.34
Onion,2402.99,100.0,84.56,14.8
Sunflower,4200.33,100.0,43.98,32.79
Soybean,4764.36,68.98,61.05,7.18
Turmeric,7501.97,72.1,33.64,32.11
Onion,1985.88,81.96,61.37,33.5
Turmeric,9389.59,69.8,60.79,10.49
Bajra,1864.2,74.72,60.33,32.4
Wheat,1987.39,77.06,67.63,23.2
Groundnut,5846.53,59.9,82.63,9.83
Tomato,1514.4,57.97,81.68,32.14
Maize,2539.36,70.58,67.31,17.71
Wheat,3518.69,72.79,57.57,33.46
Bajra,2444.73,39.98,30.76,11.87
Potato,1662.22,83.24,100.0,13.71
Turmeric,9180.94,100.0,100.0,2.5
Bajra,2802.57,57.1,70.61,13.75
Wheat,2288.2,77.53,89.47,9.49
Turmeric,9982.41,67.71,100.0,21.12
Cotton,6023.94,60.47,81.5,14.77
Groundnut,4427.27,97.33,50.27,36.62
Rice,2631.88,76.08,68.52,10.3
Bajra,2489.94,73.27,73.23,4.39
Maize,1893.88,77.15,43.63,28.06
Bajra,1908.29,50.45,77.09,31.37
Mustard,4542.48,63.62,54.27,24.64
Onion,2720.42,56.84,69.98,13.83
Sunflower,4825.88,67.33,19.27,21.25
Groundnut,6572.69,82.34,70.11,20.76
Maize,2645.41,66.48,68.97,21.23
Potato,1171.92,50.79,85.22,32.16
Wheat,2389.55,80.82,100.0,7.51
Maize,2564.27,82.87,55.97,31.79
Soybean,5217.13,61.2,58.75,11.55
Rice,2245.17,70.87,76.79,12.77
Jowar,2353.88,84.67,88.96,23.96
Jowar,3385.03,81.1,77.51,15.01
Mustard,3897.59,64.42,70.9,26.11
Bajra,2839.87,43.87,78.75,19.31
Sugarcane,2754.95,55.96,21.32,29.25
Soybean,5305.03,58.6,100.0,20.95
Rice,2299.07,71.29,73.75,9.55
Sugarcane,4325.08,70.32,84.29,28.1
Tomato,2514.12,35.21,52.5,21.61
Wheat,2463.41,80.88,49.52,17.31
Mustard,5769.8,70.46,80.92,7.0
Wheat,2706.48,23.88,65.86,22.33
Turmeric,9274.39,100.0,82.03,15.52
Rice,2247.92,88.88,17.87,25.02
Jowar,1720.73,48.73,53.69,25.73
Mustard,5327.83,60.47,100.0,14.97
Sugarcane,3009.85,100.0,85.47,16.09
Groundnut,5911.18,45.08,46.46,3.81
Mustard,5048.79,74.88,73.17,12.56
Sugarcane,2580.62,64.33,51.42,27.94
Groundnut,6616.35,39.38,72.22,23.16
Soybean,4411.03,71.64,72.45,10.05
Cotton,7575.13,71.25,42.77,31.27
Rice,2044.23,97.92,74.81,32.78
Bajra,2298.17,65.08,77.54,17.42
Mustard,6503.48,52.73,68.81,22.04
Onion,3119.44,96.26,53.16,36.51
Onion,3151.15,52.62,59.4,25.67
Sugarcane,3290.42,58.95,57.22,4.5
Bajra,2845.51,100.0,61.56,24.33
Mustard,7123.23,91.0,50.54,38.19
Mustard,7042.47,54.47,81.27,31.84
Sugarcane,3966.41,46.72,32.52,32.03
Tomato,2276.79,82.49,79.26,6.22
Rice,2990.03,60.8,77.85,27.29
Jowar,3132.74,25.71,91.75,13.3
Groundnut,5302.99,92.84,64.5,23.45
Wheat,3097.84,58.88,75.47,29.05
Jowar,3399.83,65.62,59.48,17.11
Maize,1580.41,95.24,71.75,37.18
Sugarcane,2697.17,85.7,57.31,31.09
Jowar,3245.78,19.91,59.39,17.99
Onion,2506.49,70.21,66.14,3.92
Sugarcane,3763.57,100.0,94.53,22.28
Mustard,4643.71,59.57,75.82,23.89
Groundnut,6234.1,67.19,87.9,15.62
Mustard,4636.84,97.3,56.9,31.31
Onion,2414.73,86.76,70.58,13.2
Mustard,7808.31,100.0,47.83,37.22
Cotton,5451.29,67.78,71.11,17.22
Potato,1757.33,62.45,47.06,11.89
Potato,1666.27,71.71,66.04,11.21
Cotton,8091.34,100.0,70.83,37.04
Sunflower,5701.56,49.56,84.51,20.27
Mustard,5562.16,66.89,79.24,5.57
Cotton,7245.67,84.91,83.6,12.32
Mustard,4912.07,88.55,49.09,26.22
Rice,2061.39,75.22,81.57,20.83
Turmeric,11704.18,81.67,72.55,28.61
Sugarcane,2564.29,100.0,100.0,19.9
Sunflower,5216.96,66.72,60.64,4.03
Jowar,2627.21,79.6,78.62,13.73
Bajra,2095.99,81.1,68.96,28.24
Sunflower,3966.09,81.02,97.69,29.98
Onion,2414.92,43.66,85.66,12.29
Tomato,1821.93,74.47,35.24,32.18
Bajra,2562.18,79.87,53.03,16.25
Soybean,4750.03,82.28,57.41,16.46
Rice,2502.3,54.24,91.72,9.1
Mustard,5674.23,62.87,76.47,7.25
Groundnut,6878.65,41.18,78.27,27.88
Bajra,2563.22,97.54,85.65,10.1
Rice,2964.61,50.08,74.69,28.49
Sunflower,4890.36,84.1,62.74,19.26
Turmeric,10497.04,86.88,95.77,20.15
Cotton,6300.8,100.0,97.73,4.61
Potato,1308.54,80.86,84.95,24.03
Maize,2118.03,72.62,89.24,10.88
Onion,2274.05,88.7,68.52,22.47
Onion,2874.7,50.99,69.0,22.01
Sunflower,4474.15,91.83,78.52,23.63
Maize,1704.53,66.52,78.98,27.19
Bajra,2250.2,60.8,77.57,20.84
Onion,2504.28,76.39,69.9,4.64
Sugarcane,4447.07,67.29,75.01,25.58
Soybean,4458.48,94.09,73.33,20.52
Maize,1614.87,77.04,63.38,32.31
Bajra,2752.22,72.13,36.41,19.92
Soybean,5616.75,87.16,73.39,25.23
Turmeric,8107.61,54.59,57.35,12.63
Mustard,6225.84,85.51,44.56,25.97
Bajra,2715.99,44.35,56.09,10.23
Onion,2221.99,100.0,63.0,26.01
Sunflower,4606.77,54.36,73.29,18.91
Potato,1620.29,83.6,47.4,24.27
Soybean,4487.55,44.74,73.51,16.53
Tomato,1881.88,76.37,61.25,23.39
Sunflower,5477.24,58.69,30.25,20.29
Mustard,5836.45,90.46,57.96,19.49
Wheat,1701.75,59.68,64.69,26.08
Rice,1125.0,69.41,90.68,31.26
Mustard,5026.64,74.23,82.45,14.73
Jowar,2958.3,79.1,43.82,15.28
Turmeric,8876.58,51.55,71.99,10.07
Potato,1610.06,49.48,18.73,24.7
Maize,2583.0,76.94,98.9,26.12
Onion,2645.73,74.6,41.3,19.97
Mustard,5544.92,64.26,63.49,2.99
Soybean,4358.83,26.07,81.82,17.99
Maize,2401.84,59.25,49.83,14.74
Bajra,2735.76,58.04,50.09,10.51
Wheat,2320.99,57.85,57.01,4.09
Maize,2211.4,64.77,76.37,6.31
Maize,1981.3,46.79,84.13,19.89
Bajra,2131.87,48.72,73.37,27.94
Jowar,2858.07,41.36,42.51,5.16
Rice,1943.37,80.39,42.54,36.53
Mustard,5123.81,86.8,41.09,23.83
Maize,1765.03,70.58,89.02,26.07
Cotton,6917.66,44.72,74.66,17.11
Bajra,2042.73,77.79,92.97,26.87
Wheat,3132.26,68.63,43.93,36.21
Maize,2760.9,85.0,97.65,27.33
Groundnut,5145.36,100.0,65.41,26.61
Jowar,2961.34,77.34,86.94,5.15
Turmeric,7939.97,69.43,49.4,25.12
Sugarcane,4240.95,56.33,52.61,26.51
Jowar,3799.87,85.45,67.33,34.67
Wheat,2621.66,100.0,73.15,24.41
Jowar,2915.09,64.99,82.28,9.9
Maize,2246.26,97.7,78.1,14.32
Rice,2569.18,52.38,81.54,12.45
Bajra,2543.05,66.95,33.75,17.89
Soybean,4801.93,83.84,80.2,2.25
Turmeric,6509.24,77.22,62.5,32.44
Wheat,1672.75,81.99,71.72,30.2
Onion,1892.02,70.23,64.08,27.7
Turmeric,11936.91,69.71,69.57,23.01
Jowar,2770.0,74.87,43.72,21.58
Rice,2987.37,85.65,71.07,28.97
Jowar,2660.23,75.07,49.0,26.1
Tomato,2201.76,54.11,61.35,3.14
Potato,1460.98,46.43,68.64,27.86
Maize,2058.14,100.0,77.18,21.1
Groundnut,6209.72,66.1,66.86,8.13
Maize,1677.08,61.54,90.95,33.02
Tomato,2709.05,57.04,86.87,32.23
Potato,1960.93,70.75,100.0,19.18
Mustard,4294.67,93.9,55.15,37.22
Jowar,3464.77,66.21,100.0,25.88
Sugarcane,3891.51,64.56,75.43,25.9
Mustard,6026.71,48.52,81.6,17.64
Onion,2051.56,85.43,70.54,27.09
Turmeric,7214.62,70.78,81.93,24.11
Soybean,5430.56,74.75,62.17,21.76
Wheat,2191.32,47.49,81.73,17.85
Mustard,7080.97,88.39,58.94,38.24
Bajra,2469.75,20.19,37.15,11.98
Sunflower,7278.22,83.01,80.19,24.88
Maize,1751.17,77.89,77.6,20.45
Jowar,2947.28,87.56,69.75,12.71
Jowar,3452.62,100.0,50.05,30.4
Cotton,3090.32,100.0,58.97,37.06
Onion,2859.33,83.65,57.09,28.67
Mustard,6498.71,73.09,76.65,17.99
Maize,2157.99,85.48,82.37,5.54
Potato,1571.47,40.99,85.13,22.61
Sunflower,4224.79,62.92,96.58,27.74
Jowar,4242.9,88.65,100.0,27.23
Mustard,4735.24,79.31,74.76,19.43
Mustard,5156.76,82.74,53.2,22.22
Sunflower,5627.01,65.94,37.65,23.32
Jowar,2014.17,92.84,100.0,26.91
Maize,1721.73,69.79,67.35,24.77
Wheat,1829.75,100.0,49.98,36.78
Onion,3018.18,61.24,75.9,27.18
Potato,1892.79,46.64,61.83,10.43
Sunflower,5303.96,44.81,93.95,12.52
Onion,2588.82,77.39,73.26,6.69
Onion,2524.97,100.0,70.15,14.92
Potato,1724.98,100.0,81.92,16.4
Potato,1343.26,58.08,95.44,32.58
Wheat,2433.2,58.34,84.2,10.54
Cotton,5719.39,51.42,87.35,21.02
Tomato,2145.63,31.25,82.91,13.02
Groundnut,7380.91,76.04,65.22,29.5
Turmeric,9820.75,74.88,70.74,12.64
Cotton,6209.12,83.12,62.05,18.43
Potato,1455.1,64.33,44.44,31.9
Potato,1555.99,28.1,62.2,22.49
Soybean,5807.07,61.37,73.8,26.02
Jowar,2915.49,70.43,100.0,12.64
Potato,2041.0,92.77,55.4,28.29
Soybean,5751.9,49.45,84.95,29.58
Cotton,6772.46,82.58,100.0,11.14
Maize,1623.8,55.56,50.66,26.47
Potato,1965.08,95.84,100.0,11.76
Mustard,6392.13,78.78,56.96,28.29
Mustard,3824.32,87.71,51.93,37.16
Sunflower,5217.99,82.04,83.62,1.97
Mustard,5287.84,100.0,47.24,20.0
Tomato,2160.38,41.37,88.77,11.01
Tomato,1865.01,58.0,67.35,19.56
Groundnut,7215.46,66.31,57.6,29.09
Bajra,2207.9,60.57,90.05,25.02
Cotton,6259.42,77.7,52.13,18.38
Groundnut,3984.04,65.71,60.64,26.15
Groundnut,5881.0,49.03,83.55,10.94
Bajra,2851.4,44.42,62.06,17.6
Jowar,3135.28,91.55,91.54,6.26
Maize,2190.87,54.16,69.6,7.08
Potato,2177.57,50.7,75.64,31.24
Sugarcane,4065.97,54.69,65.96,28.27
Onion,1562.89,74.61,76.84,24.61
Jowar,1956.52,83.66,90.64,25.27
Maize,2433.93,71.48,37.7,25.35
Maize,2944.43,69.3,70.59,23.34
Turmeric,8644.11,22.21,64.53,14.06
Tomato,2471.48,60.41,97.64,21.2
Wheat,2260.76,64.31,82.99,13.6
Groundnut,5673.65,81.46,70.26,10.55
Sugarcane,3282.71,41.24,85.29,12.46
Cotton,7580.51,80.8,55.4,30.94
Tomato,1616.58,60.26,56.42,26.0
Rice,2731.77,56.07,86.11,19.88
Onion,2795.18,30.82,33.15,13.04
Sugarcane,3800.03,84.68,95.08,23.56
Onion,2019.2,23.81,76.23,29.7
Wheat,2322.03,84.93,88.32,5.75
Sugarcane,3411.75,72.69,51.65,19.54
Sunflower,5108.24,54.7,50.73,5.1
Groundnut,4549.33,72.83,97.29,31.64
Potato,1110.34,54.4,69.86,29.56
Tomato,2880.16,98.13,100.0,24.3
Cotton,5011.85,58.18,77.1,30.56
Groundnut,6080.68,49.85,56.48,9.03
Groundnut,5222.99,74.52,81.37,14.02
Sugarcane,1766.72,78.4,66.35,30.83
Mustard,5032.69,89.65,50.27,25.38
Sunflower,6053.4,86.55,100.0,22.33
Groundnut,4652.98,63.23,53.57,25.94
Onion,2782.33,90.05,66.34,25.79
Bajra,2409.52,76.29,51.46,22.25
Tomato,2866.93,60.8,73.35,27.74
Rice,2661.0,83.63,95.19,11.94
Bajra,2091.42,86.44,57.48,33.9
Soybean,5543.2,85.06,52.32,30.93
Jowar,2225.33,56.12,83.06,32.44
Onion,2018.04,61.02,78.19,26.19
Onion,3495.1,57.22,70.71,27.83
Mustard,5999.07,59.07,61.28,8.91
Rice,2721.36,73.74,45.99,22.67
Mustard,4520.21,42.56,55.58,24.79
Potato,2564.93,75.73,66.33,29.87
Cotton,5735.2,85.08,74.17,18.88
Groundnut,4852.75,57.36,77.25,25.12
Soybean,3866.88,94.21,75.31,31.46
Potato,2081.25,100.0,100.0,16.97
Potato,1958.75,75.35,84.12,13.77
Groundnut,6006.37,55.96,80.78,12.3
Rice,2865.64,67.98,58.97,20.86
Sunflower,4229.06,67.34,77.74,23.71
Soybean,5753.61,50.55,38.4,27.29
Potato,1571.63,99.75,65.81,26.7
Wheat,2191.45,35.91,100.0,19.29
Rice,2136.27,81.17,50.14,29.12
Tomato,2361.34,71.78,90.9,14.27
Sunflower,4467.54,52.99,52.75,14.74
Tomato,1895.8,74.0,87.93,20.29
Sugarcane,3324.78,53.51,94.32,12.65
Sugarcane,2779.75,60.97,99.07,22.67
Rice,2355.38,87.69,47.9,20.4
Sugarcane,2238.89,52.18,40.91,30.97
Cotton,6376.19,77.17,48.78,16.54
Sunflower,4347.04,100.0,92.43,20.83
Onion,3047.9,57.41,73.8,27.95
Jowar,3104.65,41.47,70.13,12.88
Tomato,3087.03,81.46,76.64,25.56
Sugarcane,3636.32,76.33,44.37,28.72
Maize,2017.34,78.57,70.27,13.87
Turmeric,9762.33,85.5,85.34,9.66
Rice,2854.19,100.0,93.92,18.91
Mustard,6361.51,65.96,31.74,27.78
Onion,2514.12,52.55,76.61,9.91
Cotton,7864.65,87.5,83.69,23.87
Sunflower,5731.64,77.74,34.25,24.69
Potato,1863.78,84.96,70.48,13.35
Groundnut,6433.46,76.98,49.3,25.2
Jowar,2581.3,63.84,37.86,28.48
Sugarcane,2777.7,73.83,100.0,23.22
Bajra,2424.79,61.95,43.79,18.89
Sunflower,5778.72,59.41,73.26,17.64
Cotton,6332.39,38.56,69.05,12.43
Maize,1874.56,100.0,29.06,30.04
Bajra,3109.78,80.53,63.74,30.6
Rice,2870.15,97.04,69.38,29.6
Turmeric,4050.0,69.87,41.68,37.54
Wheat,2583.19,65.47,42.36,21.56
Groundnut,4754.95,51.51,87.78,28.27
Cotton,5510.56,65.95,53.08,23.67
Potato,2031.94,58.07,82.41,21.94
Cotton,5933.58,70.83,24.43,22.61
Groundnut,6035.18,61.67,72.99,9.4
Bajra,2497.32,96.0,59.53,17.86
Soybean,5141.24,71.49,60.41,13.64
Rice,2448.37,100.0,61.74,16.83
Soybean,3884.99,71.51,75.98,22.32
Soybean,5644.88,59.98,79.73,26.11
Wheat,1461.41,70.74,79.88,27.54
Groundnut,6042.41,71.3,74.09,5.22
Potato,1822.16,64.8,69.79,3.05
Bajra,2485.26,67.9,69.28,6.04
Wheat,3096.5,93.07,75.9,34.18
Sunflower,2435.22,78.86,78.69,23.76
Jowar,2994.3,72.17,58.09,8.52
Jowar,2793.18,57.34,90.41,15.59
Cotton,5043.89,48.4,58.46,26.19
Cotton,4136.69,83.2,60.58,36.51
Maize,2907.79,77.45,67.91,29.52
Onion,3045.07,66.45,82.73,28.58
Bajra,2733.18,59.4,64.05,7.5
Groundnut,5618.82,58.49,59.95,4.7
Rice,1818.32,54.59,70.48,28.45
Maize,2163.58,76.64,45.3,17.24
Sugarcane,3445.06,57.06,69.44,13.67
Groundnut,6070.32,50.68,67.18,12.07
Soybean,4439.04,100.0,72.71,23.18
Groundnut,5119.89,81.26,86.52,14.3
Sugarcane,4214.44,77.63,66.39,30.32
Wheat,2476.22,83.05,65.85,13.96
Bajra,1865.09,41.63,48.07,26.49
Tomato,2614.14,75.77,59.63,28.27
Turmeric,11971.78,86.21,74.5,29.85
Jowar,3225.42,43.95,68.9,16.64
Onion,2456.27,75.11,69.42,6.2
Sugarcane,2811.24,52.11,65.39,18.02
Tomato,2437.38,73.5,76.25,13.19
Potato,1824.69,50.25,79.0,10.55
Groundnut,6235.22,33.04,93.41,18.17
Mustard,4930.4,61.74,71.24,16.33
Soybean,3317.63,74.15,66.91,28.15
Wheat,3097.93,57.8,64.56,26.81
Maize,1850.05,90.82,91.08,16.04
Rice,1802.2,81.49,60.01,35.37
Bajra,2565.85,86.17,93.33,5.0
Bajra,3151.9,55.54,56.31,22.53
Jowar,3093.53,50.47,66.4,10.64
Potato,2055.59,60.98,75.77,19.71
Onion,2610.0,60.74,56.32,8.14
Potato,2047.32,66.22,59.73,18.95
Wheat,2082.66,56.09,62.56,17.35
Mustard,5262.03,80.26,72.75,12.05
Bajra,2120.93,68.74,54.76,27.88
Sunflower,7120.21,49.49,36.44,31.49
Tomato,2196.67,56.69,65.56,3.38
Potato,1838.24,60.17,47.9,9.39
Potato,2108.96,57.4,45.21,26.12
Sugarcane,3167.41,97.54,30.47,16.71
